budget_year,ministry,department_or_org,strength_actual_1mar,strength_actual_year,strength_est_re_1mar,strength_est_re_year,strength_est_be_1mar,strength_est_be_year,pay_actuals_cr,allowances_actuals_cr,travel_actuals_cr,pay_re_cr,allowances_re_cr,travel_re_cr,pay_be_cr,allowances_be_cr,travel_be_cr
2015-16,Ministry of Agriculture,Department of Agriculture and Cooperation,3746,2014,5252,2015,5343,2016,113.97,101.06,10.77,115.33,120.04,12.97,117.31,137.71,17.51
2015-16,Ministry of Agriculture,Department of Agricultural Research and Education,48,2014,43,2015,50,2016,1.52,1.60,0.12,1.70,1.80,0.15,2.00,2.10,0.20
2015-16,Ministry of Agriculture,"Department of Animal Husbandry, Dairying & Fisheries",2776,2014,3953,2015,3927,2016,65.00,63.54,4.03,68.20,73.63,4.74,74.40,84.45,5.22
2015-16,Department of Atomic Energy,Atomic Energy,31111,2014,33945,2015,36536,2016,889.12,1418.77,40.54,930.71,1611.29,48.09,1068.70,1552.29,52.44
2015-16,Department of Atomic Energy,Nuclear Power Schemes,35,2014,35,2015,35,2016,0.82,0.91,0.02,0.88,1.14,0.03,0.94,1.31,0.03
2015-16,"Ministry of Ayurveda, Yoga & Naturopathy, Unani, Siddha and Homoeopathy (AYUSH)","Ministry of Ayurveda, Yoga & Naturopathy, Unani, Siddha and Homoeopathy (AYUSH)",196,2014,354,2015,354,2016,5.07,6.19,0.62,6.15,8.15,1.29,5.64,8.12,2.44
2015-16,Ministry of Chemicals and Fertilisers,Department of Chemicals and Petrochemicals,256,2014,318,2015,318,2016,5.30,7.02,1.52,5.48,8.10,1.06,5.81,8.44,1.06
2015-16,Ministry of Chemicals and Fertilisers,Department of Fertilisers,262,2014,280,2015,280,2016,13.34,3.09,0.98,13.14,4.06,1.50,15.19,4.16,1.30
2015-16,Ministry of Chemicals and Fertilisers,Department of Pharmaceuticals,39,2014,41,2015,46,2016,124.73,183.27,6.17,131.94,204.43,10.00,163.00,258.58,15.00
2015-16,Ministry of Civil Aviation,Ministry of Civil Aviation,1856,2014,1936,2015,1936,2016,52.27,14.39,4.46,62.69,16.66,6.70,80.21,20.64,8.26
2015-16,Ministry of Coal,Ministry of Coal,372,2014,410,2015,429,2016,8.81,9.17,1.81,9.85,10.55,1.67,10.74,11.16,1.84
2015-16,Ministry of Commerce and Industry,Department of Commerce,7003,2014,7237,2015,7237,2016,167.69,174.56,22.28,195.71,207.69,26.28,199.74,207.89,26.05
2015-16,Ministry of Commerce and Industry,Department of Industrial Policy and Promotion,2220,2014,2839,2015,2919,2016,50.44,66.41,4.95,56.85,74.87,5.48,61.38,79.81,5.64
2015-16,Ministry of Communications and Information Technology,Department of Posts,459948,2014,469248,2015,470679,2016,4079.77,6588.33,72.33,4141.88,7378.11,80.01,4336.05,7995.89,80.06
2015-16,Ministry of Communications and Information Technology,Department of Telecommunications,2898,2014,3248,2015,3386,2016,113.29,120.08,14.41,117.95,133.49,11.00,123.88,144.45,12.84
2015-16,Ministry of Communications and Information Technology,Department of Electronics & Information Technology,5319,2014,6172,2015,6172,2016,264.31,176.20,10.94,300.42,200.28,11.54,339.11,226.07,17.50
2015-16,"Ministry of Consumer Affairs, Food and Public Distribution",Department of Consumer Affairs,879,2014,1192,2015,1192,2016,22.50,29.73,1.98,24.28,30.00,1.56,25.05,32.50,2.20
2015-16,"Ministry of Consumer Affairs, Food and Public Distribution",Department of Food and Public Distribution,840,2014,1097,2015,1249,2016,24.07,25.69,1.66,23.56,28.86,1.53,29.77,37.08,2.20
2015-16,Ministry of Corporate Affairs,Ministry of Corporate Affairs,1469,2014,2508,2015,2508,2016,40.51,38.25,2.43,41.44,43.65,2.86,43.19,47.85,2.55
2015-16,Ministry of Culture,Ministry of Culture,7665,2014,10658,2015,10658,2016,129.61,140.41,12.16,143.81,155.80,12.84,151.63,164.26,15.28
2015-16,Ministry of Defence (Civil),Ministry of Defence (Civil),34483,2014,43133,2015,44731,2016,1037.75,588.30,59.37,1138.33,683.87,68.69,1214.00,738.82,73.33
2015-16,Ministry of Development of North Eastern Region,Ministry of Development of North Eastern Region,311,2014,325,2015,325,2016,7.31,8.66,0.84,7.40,10.51,0.90,8.00,13.06,1.31
2015-16,Ministry of Drinking Water and Sanitation,Ministry of Drinking Water and Sanitation,94,2014,152,2015,175,2016,5.83,0.34,0.03,6.75,0.52,0.04,7.22,0.58,0.07
2015-16,Ministry of Earth Sciences,Ministry of Earth Sciences,5381,2014,8149,2015,8149,2016,127.34,144.18,5.55,135.48,162.96,6.23,140.42,182.36,5.84
2015-16,"Ministry of Environment, Forests and Climate Change","Ministry of Environment, Forests and Climate Change",3144,2014,5103,2015,5365,2016,84.65,72.12,18.17,94.25,90.52,21.12,96.63,98.59,24.68
2015-16,Ministry of External Affairs,Ministry of External Affairs,10433,2014,10616,2015,10689,2016,611.30,689.34,244.44,705.14,795.16,206.95,777.86,877.16,233.25
2015-16,Ministry of Finance,Department of Economic Affairs,1156,2014,1542,2015,1493,2016,27.82,35.44,8.77,36.65,47.27,12.08,37.72,51.99,14.37
2015-16,Ministry of Finance,Department of Financial Services,1145,2014,1575,2015,1573,2016,29.68,31.60,1.45,33.11,40.16,2.23,38.44,48.57,2.47
2015-16,Ministry of Finance,Department of Expenditure,942,2014,1437,2015,1441,2016,32.88,22.36,2.03,39.62,20.71,2.85,41.45,23.11,3.31
2015-16,Ministry of Finance,Department of Revenue,43282,2014,76625,2015,76625,2016,875.05,1312.57,49.08,1008.39,1512.59,57.00,1118.98,1678.47,71.20
2015-16,Ministry of Finance,Indian Audit and Accounts Department,48098,2014,48098,2015,51900,2016,1136.67,1399.67,130.21,1462.29,1433.68,134.68,1540.15,1658.14,146.47
2015-16,Ministry of Finance,Department of Disinvestment,51,2014,55,2015,55,2016,1.80,1.68,1.04,1.91,1.82,3.40,2.30,2.20,3.40
2015-16,Ministry of Food Processing Industries,Ministry of Food Processing Industries,167,2014,165,2015,171,2016,4.84,6.06,1.65,5.10,6.78,1.95,5.30,8.35,2.27
2015-16,Ministry of Health and Family Welfare,Department of Health and Family Welfare,27717,2014,32596,2015,32674,2016,677.47,828.03,14.72,794.10,970.56,23.85,882.40,1078.49,25.94
2015-16,Ministry of Health and Family Welfare,Department of Health Research,14,2014,105,2015,105,2016,0.00,0.00,0.00,0.01,0.01,0.07,0.58,0.72,0.19
2015-16,Ministry of Health and Family Welfare,Department of AIDS Control,38,2014,68,2015,68,2016,1.69,1.12,0.14,3.00,2.00,0.80,3.00,3.00,0.80
2015-16,Ministry of Heavy Industries and Public Enterprises,Department of Heavy Industry,193,2014,288,2015,288,2016,5.70,6.96,0.92,6.14,7.49,1.05,6.34,8.41,1.05
2015-16,Ministry of Heavy Industries and Public Enterprises,Department of Public Enterprises,76,2014,77,2015,123,2016,3.15,2.32,0.67,3.25,2.76,0.35,3.36,3.29,0.48
2015-16,Ministry of Home Affairs,Ministry of Home Affairs,7452,2014,10281,2015,9816,2016,171.78,209.95,16.15,194.39,237.59,19.42,202.36,247.32,25.46
2015-16,Ministry of Home Affairs,Cabinet,1010,2014,1177,2015,1177,2016,29.38,22.36,7.23,31.54,24.62,8.33,32.91,29.26,9.71
2015-16,Ministry of Home Affairs,Police,1095840,2014,1148485,2015,1192130,2016,14680.81,17943.20,897.70,16973.61,20745.52,1078.77,18250.09,22305.66,1243.02
2015-16,Ministry of Home Affairs,Other Expenditure of the Ministry of Home Affairs,9329,2014,13999,2015,13999,2016,143.29,175.13,12.00,170.25,208.08,7.98,184.05,224.95,12.70
2015-16,Ministry of Housing and Urban Poverty Alleviation,Ministry of Housing and Urban Poverty Alleviation,156,2014,155,2015,155,2016,4.32,3.85,0.60,4.72,4.92,1.09,4.25,5.14,1.11
2015-16,Ministry of Human Resource Development,Department of School Education and Literacy,269,2014,319,2015,319,2016,699.25,319.03,57.00,856.36,776.84,150.00,864.88,854.52,150.00
2015-16,Ministry of Human Resource Development,Department of Higher Education,865,2014,1096,2015,1085,2016,33.49,32.18,2.70,49.44,47.87,5.11,53.40,51.71,5.63
2015-16,Ministry of Information and Broadcasting,Ministry of Information and Broadcasting,4372,2014,6507,2015,6507,2016,115.27,90.51,7.20,122.75,107.82,9.08,127.69,119.02,9.90
2015-16,Ministry of Labour and Employment,Ministry of Labour and Employment,6282,2014,8452,2015,8010,2016,192.60,157.59,12.98,187.37,202.98,19.34,191.27,233.77,28.00
2015-16,Ministry of Law and Justice,Election Commission,361,2014,618,2015,618,2016,8.23,12.14,2.15,11.56,12.94,2.49,11.89,15.02,2.19
2015-16,Ministry of Law and Justice,Law and Justice,1873,2014,2006,2015,2157,2016,47.73,51.41,1.78,50.97,56.24,3.75,52.28,62.61,2.30
2015-16,Ministry of Law and Justice,Supreme Court of India,2252,2014,2354,2015,2470,2016,44.32,49.20,6.15,48.71,59.31,8.50,50.18,65.24,9.35
2015-16,"Ministry of Micro, Small and Medium Enterprises","Ministry of Micro, Small and Medium Enterprises",1880,2014,2647,2015,2647,2016,44.23,58.51,2.26,46.89,64.80,2.61,53.11,67.89,2.68
2015-16,Ministry of Mines,Ministry of Mines,9045,2014,14091,2015,14092,2016,209.60,292.94,27.76,228.34,313.80,33.08,237.38,330.03,32.32
2015-16,Ministry of Minority Affairs,Ministry of Minority Affairs,207,2014,250,2015,277,2016,5.20,5.46,0.97,5.45,6.55,0.91,6.03,7.97,1.27
2015-16,Ministry of New and Renewable Energy,Ministry of New and Renewable Energy,227,2014,342,2015,342,2016,10.12,7.33,2.36,12.27,8.88,2.90,10.05,7.28,0.67
2015-16,Ministry of Overseas Indian Affairs,Ministry of Overseas Indian Affairs,187,2014,187,2015,187,2016,6.98,0.27,1.75,9.50,0.29,1.69,8.48,0.43,2.15
2015-16,Ministry of Panchayati Raj,Ministry of Panchayati Raj,115,2014,115,2015,115,2016,5.30,0.67,0.35,6.25,0.90,0.65,8.25,1.40,1.10
2015-16,Ministry of Parliamentary Affairs,Ministry of Parliamentary Affairs,114,2014,146,2015,146,2016,3.55,4.36,0.92,3.97,5.01,2.28,4.13,5.48,2.70
2015-16,"Ministry of Personnel, Public Grievances and Pensions","Ministry of Personnel, Public Grievances and Pensions",8668,2014,10341,2015,10344,2016,218.45,263.26,24.81,229.87,307.98,21.02,250.23,334.62,21.98
2015-16,Ministry of Petroleum and Natural Gas,Ministry of Petroleum and Natural Gas,260,2014,285,2015,304,2016,7.62,9.14,1.07,8.46,10.98,1.60,9.30,13.05,1.65
2015-16,Ministry of Planning,Ministry of Planning,1275,2014,1895,2015,1895,2016,51.82,34.55,10.97,60.53,40.35,13.65,76.65,51.10,29.33
2015-16,Ministry of Power,Ministry of Power,1042,2014,2004,2015,2004,2016,33.02,47.18,4.94,34.34,51.47,4.20,36.13,65.81,8.76
2015-16,"The President, Parliament, Union Public Service Commission and the Secretariat of Vice President",President’s Secretariat,267,2014,282,2015,282,2016,10.84,1.65,0.07,11.71,1.75,0.02,11.92,1.80,0.03
2015-16,"The President, Parliament, Union Public Service Commission and the Secretariat of Vice President",Lok Sabha Secretariat,2385,2014,2981,2015,2981,2016,0.07,0.10,0.00,0.07,0.11,0.00,0.07,0.12,0.00
2015-16,"The President, Parliament, Union Public Service Commission and the Secretariat of Vice President",Rajya Sabha Secretariat,1378,2014,1597,2015,1597,2016,37.57,55.10,2.85,39.33,62.67,5.20,41.15,69.25,4.48
2015-16,"The President, Parliament, Union Public Service Commission and the Secretariat of Vice President",Union Public Service Commission,1400,2014,1998,2015,1998,2016,31.00,43.83,1.78,33.60,49.40,1.50,34.25,56.75,0.55
2015-16,"The President, Parliament, Union Public Service Commission and the Secretariat of Vice President",Secretariat of the Vice-President,60,2014,60,2015,60,2016,0.91,1.15,0.12,0.95,1.29,0.02,1.11,1.28,0.06
2015-16,Ministry of Road Transport and Highways,Ministry of Road Transport and Highways,1070,2014,1286,2015,1286,2016,189.73,175.13,5.16,181.67,222.04,6.89,27.54,38.03,3.09
2015-16,Ministry of Rural Development,Department of Rural Development,428,2014,585,2015,588,2016,15.10,11.46,2.02,16.63,13.12,3.03,17.38,14.29,2.74
2015-16,Ministry of Rural Development,Department of Land Resources,82,2014,131,2015,131,2016,6.72,1.33,0.16,7.38,1.36,0.21,7.90,1.59,0.24
2015-16,Ministry of Science and Technology,Department of Science and Technology,7223,2014,7360,2015,7220,2016,137.64,170.37,13.83,140.17,187.36,15.23,159.61,191.53,20.11
2015-16,Ministry of Science and Technology,Deptt. of Scientific and Industrial Research,88,2014,109,2015,124,2016,3.27,3.60,0.22,3.69,4.33,0.40,3.76,4.54,0.50
2015-16,Ministry of Science and Technology,Department of Biotechnology,181,2014,255,2015,255,2016,7.73,6.32,2.03,8.41,6.88,2.39,9.00,7.37,3.00
2015-16,Ministry of Shipping,Ministry of Shipping,1993,2014,2595,2015,2623,2016,61.01,50.48,7.27,70.88,59.92,8.64,76.93,69.16,9.95
2015-16,Ministry of Skill Development and Entrepreneurship,Ministry of Skill Development and Entrepreneurship,0,2014,83,2015,90,2016,0.00,0.00,0.00,0.00,0.00,0.00,2.30,3.17,0.53
2015-16,Ministry of Social Justice and Empowerment,Department of Disability Affairs,0,2014,141,2015,141,2016,0.00,0.00,0.00,2.71,3.53,1.00,3.98,5.52,1.52
2015-16,Ministry of Social Justice and Empowerment,Deptt. of Social Justice and Empowerment,611,2014,709,2015,731,2016,15.13,17.66,2.36,14.42,17.86,3.00,16.10,19.54,3.65
2015-16,Department of Space,Department of Space,14915,2014,18618,2015,18838,2016,475.41,694.28,43.96,492.97,920.29,55.00,527.48,924.78,64.27
2015-16,Ministry of Statistics and Programme Implementation,Ministry of Statistics and Programme Implementation,4563,2014,6314,2015,6314,2016,119.13,145.60,16.95,121.64,148.67,14.02,132.59,162.06,18.03
2015-16,Ministry of Steel,Ministry of Steel,232,2014,278,2015,277,2016,6.40,8.60,1.12,6.68,8.61,1.13,7.38,8.98,1.38
2015-16,Ministry of Textiles,Ministry of Textiles,4628,2014,4615,2015,4615,2016,164.51,3.35,8.46,177.75,4.09,9.34,203.37,6.70,11.85
2015-16,Ministry of Tourism,Ministry of Tourism,492,2014,579,2015,581,2016,20.11,13.41,6.76,21.08,15.90,6.83,23.76,15.84,8.28
2015-16,Ministry of Tribal Affairs,Ministry of Tribal Affairs,197,2014,305,2015,306,2016,8.78,3.99,0.50,10.16,4.65,0.90,11.92,5.46,1.55
2015-16,Union Territories (Without Legislature),Andaman and Nicobar Islands,29863,2014,29863,2015,29863,2016,411.65,674.03,20.30,442.01,749.31,18.17,465.88,811.31,20.09
2015-16,Union Territories (Without Legislature),Chandigarh,26078,2014,25927,2015,26400,2016,602.49,600.00,1.78,644.88,719.06,2.10,685.68,854.68,2.19
2015-16,Union Territories (Without Legislature),Dadra & Nagar Haveli,4127,2014,4189,2015,4189,2016,62.97,63.61,0.68,65.19,72.75,1.05,67.16,86.07,1.63
2015-16,Union Territories (Without Legislature),Daman and Diu,2578,2014,2954,2015,2954,2016,39.19,67.16,1.22,42.81,74.15,1.45,44.10,83.55,1.52
2015-16,Union Territories (Without Legislature),Lakshadweep,4702,2014,5395,2015,5402,2016,75.51,134.28,3.36,78.52,139.56,4.01,84.75,150.60,5.67
2015-16,Ministry of Urban Development,Ministry of Urban Development,16760,2014,23501,2015,23560,2016,506.28,525.14,12.20,515.06,542.77,17.58,530.00,563.08,14.42
2015-16,"Ministry of Water Resources, River Development & Ganga Rejuvenation","Ministry of Water Resources, River Development & Ganga Rejuvenation",8200,2014,11714,2015,11709,2016,275.68,295.50,18.62,348.30,457.21,29.38,390.51,481.71,35.85
2015-16,Ministry of Women and Child Development,Ministry of Women and Child Development,524,2014,717,2015,717,2016,13.44,14.14,0.66,14.13,16.98,0.73,14.61,19.70,0.75
2015-16,Ministry of Youth Affairs and Sports,Ministry of Youth Affairs and Sports,292,2014,309,2015,307,2016,17.89,7.00,1.02,22.04,5.96,1.95,20.00,6.65,2.64
2015-16,TOTAL (excluding Ministry of Railways),TOTAL (excluding Ministry of Railways),1994061,2014,2164077,2015,2218139,2016,30925.58,37897.91,2030.53,34755.27,43909.29,2395.15,37125.08,47264.45,2724.60
2015-16,Ministry of Railways,Ministry of Railways,1333966,2014,1333966,2015,1333966,2016,21926.00,27164.00,1244.00,22689.00,32561.00,1497.00,23606.00,37173.00,1631.00
2015-16,GRAND TOTAL,GRAND TOTAL,3328027,2014,3498043,2015,3552105,2016,52851.58,65061.91,3274.53,57444.27,76470.29,3892.15,60731.08,84437.45,4355.60
2016-17,Ministry of Agriculture and Farmers Welfare,"Department of Agriculture, Cooperation and Farmers Welfare",3681,2015,5348,2016,5287,2017,118.16,113.53,10.46,117.05,126.81,13.85,137.30,154.83,18.05
2016-17,Ministry of Agriculture and Farmers Welfare,Department of Agricultural Research and Education,44,2015,49,2016,49,2017,1.31,1.69,0.10,1.49,2.16,0.11,1.70,2.46,0.13
2016-17,Ministry of Agriculture and Farmers Welfare,"Department of Animal Husbandry, Dairying & Fisheries",2578,2015,2703,2016,2715,2017,71.55,62.55,3.63,72.10,75.57,4.13,99.77,85.90,4.97
2016-17,Department of Atomic Energy,Atomic Energy,31672,2015,34420,2016,38025,2017,924.87,1581.09,37.56,872.51,1745.16,43.81,995.46,2041.05,50.04
2016-17,"Ministry of Ayurveda, Yoga & Naturopathy, Unani, Siddha and Homoeopathy(AYUSH)","Ministry of Ayurveda, Yoga & Naturopathy, Unani, Siddha and Homoeopathy(AYUSH)",179,2015,264,2016,264,2017,5.98,7.30,0.79,6.26,7.64,2.10,8.92,10.90,2.10
2016-17,Ministry of Chemicals and Fertilisers,Department of Chemicals and Petrochemicals,144,2015,207,2016,207,2017,3.65,4.60,1.34,4.37,5.52,1.61,4.75,6.00,1.75
2016-17,Ministry of Chemicals and Fertilisers,Department of Fertilisers,207,2015,253,2016,263,2017,5.80,8.50,0.76,7.36,10.49,0.08,10.39,12.4,0.08
2016-17,Ministry of Chemicals and Fertilisers,Department of Pharmaceuticals,46,2015,54,2016,54,2017,2.78,3.40,0.1,3.59,4.04,0.75,3.95,4.24,1.35
2016-17,Ministry of Civil Aviation,Ministry of Civil Aviation,1060,2015,1974,2016,2140,2017,69.40,39.83,6.12,76.65,38.11,8.07,111.01,65.44,9.70
2016-17,Ministry of Coal,Ministry of Coal,298,2015,421,2016,427,2017,7.45,11.40,1.29,8.56,13.51,1.44,9.98,16.17,1.89
2016-17,Ministry of Commerce and Industry,Department of Commerce,7003,2015,7237,2016,7237,2017,177.00,184.79,20.94,181.38,188.78,27.08,210.40,218.98,27.47
2016-17,Ministry of Commerce and Industry,Department of Industrial Policy and Promotion,2138,2015,2947,2016,3016,2017,49.50,74.27,4.00,52.46,78.09,3.19,61.30,91.11,5.34
2016-17,Ministry of Communications and Information Technology,Department of Posts,460457,2015,469268,2016,469268,2017,4076.20,7550.11,83.71,4443.05,8083.35,87.02,11554.30,2976.70,91.77
2016-17,Ministry of Communications and Information Technology,Department of Telecommunications,2887,2015,3031,2016,3182,2017,118.59,130.45,10.23,123.19,135.35,17.12,132.95,166.19,14.63
2016-17,Ministry of Communications and Information Technology,Department of Electronics & Information Technology,5589,2015,6567,2016,6567,2017,295.87,197.71,9.64,338.36,226.58,16.42,364.94,244.32,19.81
2016-17,"Ministry of Consumer Affairs, Food and Public Distribution",Department of Consumer Affairs,848,2015,1206,2016,1206,2017,23.33,29.45,1.00,24.00,29.78,1.84,45.00,17.99,1.92
2016-17,"Ministry of Consumer Affairs, Food and Public Distribution",Department of Food and Public Distribution,883,2015,1163,2016,1185,2017,21.66,32.65,1.24,23.91,34.99,1.76,31.12,43.64,1.89
2016-17,Ministry of Corporate Affairs,Ministry of Corporate Affairs,1463,2015,2326,2016,2326,2017,40.12,44.25,2.24,41.09,47.35,2.52,46.37,56.22,2.54
2016-17,Ministry of Culture,Ministry of Culture,7572,2015,10644,2016,10644,2017,137.57,148.94,13.34,151.59,164.21,15.26,148.88,161.28,14.42
2016-17,Ministry of Defence (Misc.),Ministry of Defence (Misc.),40190,2015,50143,2016,51084,2017,1493.25,662.72,67.75,1580.75,724.05,76.78,1769.87,780.25,87.66
2016-17,Ministry of Development of North Eastern Region,Ministry of Development of North Eastern Region,298,2015,299,2016,299,2017,17.84,0.25,0.82,17.01,0.48,0.98,19.73,0.55,1.00
2016-17,Ministry of Drinking Water and Sanitation,Ministry of Drinking Water and Sanitation,150,2015,166,2016,166,2017,6.55,0.50,0.03,7.79,0.66,0.08,8.85,0.75,0.10
2016-17,Ministry of Earth Sciences,Ministry of Earth Sciences,4960,2015,7486,2016,7486,2017,132.36,158.18,5.97,137.87,158.72,5.20,158.70,188.58,7.07
2016-17,"Ministry of Environment, Forests and Climate Change","Ministry of Environment, Forests and Climate Change",3118,2015,5084,2016,5296,2017,90.11,86.42,19.37,89.32,98.75,30.33,94.36,125.07,41.18
2016-17,Ministry of External Affairs,Ministry of External Affairs,8913,2015,10930,2016,10985,2017,683.08,770.28,232.06,715.54,874.54,269.45,789.28,964.67,241.05
2016-17,Ministry of Finance,Department of Economic Affairs,1183,2015,1384,2016,1384,2017,34.21,40.73,7.41,33.97,44.84,11.12,61.40,30.24,12.52
2016-17,Ministry of Finance,Department of Financial Services,1155,2015,1558,2016,1558,2017,31.03,36.96,1.08,36.77,37.22,1.27,43.03,42.13,1.71
2016-17,Ministry of Finance,Department of Expenditure,991,2015,1448,2016,1448,2017,35.67,25.64,2.32,38.40,31.16,4.19,48.86,39.51,4.20
2016-17,Ministry of Finance,Indian Audit and Accounts Department,46874,2015,49089,2016,55179,2017,1266.24,1547.61,130.33,1326.56,1590.88,163.47,1532.62,1851.61,175.84
2016-17,Ministry of Finance,Department of Revenue,96498,2015,177501,2016,177501,2017,2524.56,3311.61,121.51,2669.84,3509.86,137.44,3095.66,4069.00,142.51
2016-17,Ministry of Finance,Department of Disinvestment,56,2015,56,2016,56,2017,4.63,0.28,2.81,4.83,0.27,3.40,5.33,0.59,3.40
2016-17,Ministry of Food Processing Industries,Ministry of Food Processing Industries,148,2015,160,2016,162,2017,4.62,6.36,1.02,5.10,7.31,0.75,6.85,7.85,1.17
2016-17,Ministry of Health and Family Welfare,Department of Health and Family Welfare,23111,2015,25039,2016,25088,2017,650.32,975.48,14.69,749.74,1124.60,25.65,868.50,1302.75,30.94
2016-17,Ministry of Health and Family Welfare,Department of Health Research,15,2015,16,2016,129,2017,0.00,0.00,0.00,0.10,0.01,0.19,0.20,0.00,0.20
2016-17,Ministry of Heavy Industries and Public Enterprises,Department of Heavy Industry,187,2015,287,2016,288,2017,4.89,8.45,1.03,5.40,8.76,1.45,7.00,9.43,1.50
2016-17,Ministry of Heavy Industries and Public Enterprises,Department of Public Enterprises,72,2015,122,2016,122,2017,2.92,3.09,0.41,3.01,3.19,0.29,3.43,3.65,0.34
2016-17,Ministry of Home Affairs,Ministry of Home Affairs,16371,2015,22231,2016,22006,2017,354.19,432.90,24.22,380.22,464.70,32.56,434.34,530.87,30.96
2016-17,Ministry of Home Affairs,Cabinet,900,2015,1201,2016,1201,2017,32.18,39.33,87.53,37.03,45.26,130.51,42.00,51.33,67.88
2016-17,Ministry of Home Affairs,Police,1028077,2015,1062058,2016,1075341,2017,16918.91,20678.68,897.70,18571.81,22698.89,1078.77,21472.59,26244.27,1243.02
2016-17,Ministry of Housing and Urban Poverty Alleviation,Ministry of Housing and Urban Poverty Alleviation,154,2015,159,2016,159,2017,3.29,5.61,0.79,3.77,6.26,2.13,4.40,5.56,4.16
2016-17,Ministry of Human Resource Development,Department of School Education and Literacy,321,2015,400,2016,400,2017,12.43,2.19,0.91,12.38,1.60,0.77,15.06,2.37,0.92
2016-17,Ministry of Human Resource Development,Department of Higher Education,906,2015,1252,2016,1251,2017,55.40,11.27,2.04,51.65,49.96,5.43,51.80,63.72,6.44
2016-17,Ministry of Information and Broadcasting,Ministry of Information and Broadcasting,4141,2015,6322,2016,6322,2017,115.11,110.6,8.02,168.3,135.17,8.9,214.74,137.29,10.59
2016-17,Ministry of Labour and Employment,Ministry of Labour and Employment,6599,2015,6608,2016,6613,2017,377.30,5.57,15.34,402.16,5.37,14.70,475.00,6.13,16.87
2016-17,Ministry of Law and Justice,Election Commission,618,2015,618,2016,618,2017,10.07,14.07,2.15,12.21,14.70,1.70,12.47,16.53,1.90
2016-17,Ministry of Law and Justice,Law and Justice,1784,2015,2063,2016,2049,2017,31.42,73.08,2.57,37.82,77.18,5.28,42.80,87.34,5.68
2016-17,Ministry of Law and Justice,Supreme Court of India,2385,2015,2385,2016,2385,2017,61.10,61.52,1.06,65.33,68.88,1.50,65.33,90.24,1.50
2016-17,"Ministry of Micro, Small and Medium Enterprises","Ministry of Micro, Small and Medium Enterprises",1750,2015,2654,2016,2654,2017,47.46,63.34,2.37,47.94,73.73,3.03,43.14,83.81,4.03
2016-17,Ministry of Mines,Ministry of Mines,8503,2015,9733,2016,12902,2017,209.75,294.03,1.80,193.55,314.21,1.81,245.07,314.95,2.61
2016-17,Ministry of Minority Affairs,Ministry of Minority Affairs,193,2015,264,2016,264,2017,4.97,6.98,0.84,4.55,8.18,0.77,5.06,9.36,1.15
2016-17,Ministry of New and Renewable Energy,Ministry of New and Renewable Energy,201,2015,304,2016,304,2017,11.15,8.07,2.13,10.60,7.67,1.99,11.97,8.67,2.93
2016-17,Ministry of Panchayati Raj,Ministry of Panchayati Raj,127,2015,125,2016,125,2017,6.23,10.98,3.70,8.55,11.83,1.02,6.50,11.23,0.60
2016-17,"Ministry of Personnel, Public Grievances and Pensions","Ministry of Personnel, Public Grievances and Pensions",8568,2015,10364,2016,10364,2017,228.28,297.13,21.77,258.06,329.83,21.37,275.87,406.03,43.58
2016-17,Ministry of Petroleum and Natural Gas,Ministry of Petroleum and Natural Gas,237,2015,268,2016,305,2017,7.95,10.18,1.27,8.41,11.27,1.35,9.89,12.75,1.56
2016-17,Ministry of Planning,Ministry of Planning,1093,2015,1185,2016,1185,2017,53.82,35.88,7.22,56.27,37.52,10.48,69.10,7.68,12.09
2016-17,Ministry of Power,Ministry of Power,1183,2015,1938,2016,1938,2017,38.92,47.74,3.45,40.25,51.45,5.00,43.37,62.54,4.71
2016-17,"The President, Parliament, Union Public Service Commission and the Secretariat of The Vice President","Staff, Household and Allowances of the President",267,2015,282,2016,282,2017,11.67,1.70,0.01,12.74,1.86,0.02,14.80,2.00,0.03
2016-17,"The President, Parliament, Union Public Service Commission and the Secretariat of The Vice President",Lok Sabha,2342,2015,2959,2016,2959,2017,66.97,109.78,3.29,68.10,121.89,3.50,71.35,138.64,3.20
2016-17,"The President, Parliament, Union Public Service Commission and the Secretariat of The Vice President",Rajya Sabha,1409,2015,1594,2016,1594,2017,38.00,63.70,4.69,39.20,70.65,5.80,40.59,75.95,7.41
2016-17,"The President, Parliament, Union Public Service Commission and the Secretariat of The Vice President",Union Public Service Commission,1410,2015,1991,2016,1991,2017,30.65,51.24,1.45,32.50,54.00,0.45,36.50,63.31,0.55
2016-17,"The President, Parliament, Union Public Service Commission and the Secretariat of The Vice President",Secretariat of the Vice-President,60,2015,60,2016,60,2017,2.08,0.16,0.01,2.24,0.17,0.06,2.59,0.20,0.08
2016-17,Ministry of Road Transport and Highways,Ministry of Road Transport and Highways,399,2015,511,2016,511,2017,25.65,34.20,4.25,24.59,40.98,7.98,28.20,47.00,7.11
2016-17,Ministry of Rural Development,Department of Rural Development,538,2015,421,2016,472,2017,10.62,15.13,1.49,10.55,16.81,2.00,11.61,18.49,2.20
2016-17,Ministry of Rural Development,Department of Land Resources,82,2015,80,2016,131,2017,2.81,3.75,0.21,2.48,4.00,0.24,3.22,4.30,0.24
2016-17,Ministry of Science and Technology,Department of Science and Technology,7213,2015,7389,2016,7299,2017,145.64,176.44,12.47,150.17,178.82,14.31,169.61,211.72,21.24
2016-17,Ministry of Science and Technology,Department of Scientific and Industrial Research,88,2015,94,2016,123,2017,3.69,4.52,0.26,3.83,4.69,0.32,4.47,5.41,0.40
2016-17,Ministry of Science and Technology,Department of Biotechnology,176,2015,254,2016,254,2017,7.75,7.20,1.69,8.88,7.08,2.46,16.08,1.26,2.51
2016-17,Ministry of Shipping,Ministry of Shipping,1910,2015,2313,2016,2346,2017,36.30,61.75,13.30,43.59,75.46,28.50,71.73,64.92,30.52
2016-17,Ministry of Skill Development and Entrepreneurship,Ministry of Skill Development and Entrepreneurship,31,2015,49,2016,2063,2017,0.00,0.00,0.00,3.98,0.50,1.45,105.03,0.14,9.10
2016-17,Ministry of Social Justice and Empowerment,Department of Social Justice and Empowerment,496,2015,644,2016,644,2017,11.99,19.97,2.00,12.65,20.92,3.95,14.49,24.25,3.95
2016-17,Ministry of Social Justice and Empowerment,Department of Empowerment of Persons with Disabilities,97,2015,141,2016,141,2017,2.11,3.85,0.10,2.41,5.34,0.22,3.89,6.40,1.32
2016-17,Department of Space,Department of Space,16902,2015,17902,2016,17902,2017,502.27,908.27,50.14,529.55,893.24,60.40,566.62,929.28,69.46
2016-17,Ministry of Statistics and Programme Implementation,Ministry of Statistics and Programme Implementation,4400,2015,6241,2016,6241,2017,129.21,157.92,14.79,135.68,165.83,15.03,157.16,192.09,16.43
2016-17,Ministry of Steel,Ministry of Steel,243,2015,279,2016,277,2017,5.86,9.01,0.89,7.01,8.99,1.38,8.17,10.43,1.39
2016-17,Ministry of Textiles,Ministry of Textiles,4615,2015,4615,2016,4615,2017,167.27,2.58,7.35,203.33,6.64,11.88,256.65,7.54,14.25
2016-17,Ministry of Tourism,Ministry of Tourism,486,2015,580,2016,580,2017,19.67,14.75,6.76,20.51,16.85,7.81,27.70,15.69,8.02
2016-17,Ministry of Tribal Affairs,Ministry of Tribal Affairs,199,2015,307,2016,307,2017,9.86,4.65,0.89,11.10,4.88,1.30,11.97,5.41,1.25
2016-17,Union Territories (Without Legislature),Andaman and Nicobar Islands,29711,2015,29711,2016,29711,2017,442.70,753.44,17.60,470.20,826.96,21.17,499.41,905.93,20.48
2016-17,Union Territories (Without Legislature),Chandigarh,25943,2015,26186,2016,26400,2017,621.02,744.25,1.62,680.18,850.97,2.60,704.90,1014.88,2.57
2016-17,Union Territories (Without Legislature),Dadra & Nagar Haveli,4127,2015,4189,2016,4189,2017,63.84,74.90,0.70,65.54,83.86,1.63,69.31,99.00,1.52
2016-17,Union Territories (Without Legislature),Daman and Diu,2954,2015,2954,2016,2954,2017,41.52,80.81,0.96,44.10,83.55,1.52,45.42,96.98,1.70
2016-17,Union Territories (Without Legislature),Lakshadweep,4980,2015,5284,2016,5400,2017,87.41,131.10,3.48,96.15,144.23,5.77,107.20,160.80,6.84
2016-17,Ministry of Urban Development,Ministry of Urban Development,18483,2015,24613,2016,24644,2017,491.16,550.11,10.07,527.38,568.78,14.97,575.86,678.86,16.33
2016-17,"Ministry of Water Resources, River Development & Ganga Rejuvenation","Ministry of Water Resources, River Development & Ganga Rejuvenation",7941,2015,11541,2016,11531,2017,278.50,347.07,19.98,291.13,416.96,28.03,328.42,491.25,35.20
2016-17,Ministry of Women and Child Development,Ministry of Women and Child Development,638,2015,717,2016,717,2017,13.90,15.44,0.71,14.44,16.92,0.70,23.89,15.49,0.79
2016-17,Ministry of Youth Affairs and Sports,Ministry of Youth Affairs and Sports,290,2015,299,2016,322,2017,10.68,7.62,1.78,14.08,9.24,2.36,14.70,10.32,2.86
2016-17,TOTAL (excluding Ministry of Railways),TOTAL (excluding Ministry of Railways),1979209,2015,2167182,2016,2197339,2017,34993.80,44425.53,2086.92,37870.12,48347.52,2557.08,50024.20,49243.06,2774.37
2016-17,Ministry of Railways,Ministry of Railways,1326437,2015,1326437,2016,1326437,2017,22377.40,32187.48,1510.33,24360.70,3529.58,1583.08,40574.29,39689.69,1630.25
2016-17,GRAND TOTAL,GRAND TOTAL,3305646,2015,3493619,2016,3523776,2017,57371.20,76613.01,3597.25,62230.82,51877.10,4140.16,90598.49,88932.75,4404.62
2017-18,Ministry of Agriculture and Farmers Welfare,"Department of Agriculture, Cooperation and Farmers Welfare",4036,2016,6038,2017,6091,2018,105.10,139.33,10.84,233.66,58.42,13.28,249.14,54.69,17.66
2017-18,Ministry of Agriculture and Farmers Welfare,Department of Agricultural Research and Education,41,2016,49,2017,49,2018,3.43,1.08,0.24,3.76,1.18,0.26,3.97,1.25,0.27
2017-18,Ministry of Agriculture and Farmers Welfare,"Department of Animal Husbandry, Dairying and Fisheries",2454,2016,3814,2017,3814,2018,64.65,70.35,3.21,143.64,21.79,5.23,175.56,36.39,5.67
2017-18,Department of Atomic Energy,Atomic Energy,33471,2016,35094,2017,39526,2018,1006.68,1645.65,36.91,2294.23,891.42,48.23,2363.06,1045.58,53.99
2017-18,"Ministry of Ayurveda, Yoga and Naturopathy, Unani, Siddha and Homoeopathy (AYUSH)","Ministry of Ayurveda, Yoga and Naturopathy, Unani, Siddha and Homoeopathy (AYUSH)",159,2016,217,2017,224,2018,5.33,7.99,1.52,5.11,3.78,2.57,15.77,3.94,2.62
2017-18,Ministry of Chemicals and Fertilisers,Department of Chemicals and Petrochemicals,251,2016,314,2017,314,2018,5.36,8.19,0.44,7.08,9.97,0.84,8.53,9.86,0.93
2017-18,Ministry of Chemicals and Fertilisers,Department of Pharmaceuticals,74,2016,105,2017,105,2018,3.80,1.50,0.27,5.30,1.80,0.31,5.80,1.95,0.34
2017-18,Ministry of Chemicals and Fertilisers,Department of Fertilisers,240,2016,265,2017,302,2018,15.23,2.16,0.28,19.00,5.94,1.35,21.15,6.94,1.50
2017-18,Ministry of Civil Aviation,Ministry of Civil Aviation,1141,2016,2109,2017,2186,2018,76.05,10.69,6.11,97.43,11.00,8.40,118.64,19.16,11.29
2017-18,Ministry of Coal,Ministry of Coal,299,2016,423,2017,423,2018,13.37,6.09,0.78,18.84,5.74,1.06,21.52,5.04,1.14
2017-18,Ministry of Commerce and Industry,Department of Commerce,6915,2016,7237,2017,7237,2018,162.68,211.55,20.04,365.19,91.30,25.55,347.78,115.93,23.63
2017-18,Ministry of Commerce and Industry,Department of Industrial Policy and Promotion,2009,2016,2820,2017,2878,2018,46.89,55.18,2.66,93.16,39.99,4.49,102.63,46.34,5.30
2017-18,Ministry of Communications,Department of Telecommunications,2763,2016,2869,2017,2913,2018,121.88,146.26,13.87,313.23,25.73,18.12,322.63,40.06,19.90
2017-18,Ministry of Communications,Department of Posts,448840,2016,469282,2017,469282,2018,4204.50,8007.07,89.69,8807.13,5571.06,93.09,8849.10,6535.56,85.21
2017-18,"Ministry of Consumer Affairs, Food and Public Distribution",Department of Food and Public Distribution,927,2016,1195,2017,1197,2018,24.39,32.10,1.68,40.57,28.44,2.03,47.13,26.53,2.16
2017-18,"Ministry of Consumer Affairs, Food and Public Distribution",Department of Consumer Affairs,837,2016,1169,2017,1172,2018,15.02,21.01,2.28,39.00,26.00,1.14,49.55,20.00,1.33
2017-18,Ministry of Corporate Affairs,Ministry of Corporate Affairs,1376,2016,2453,2017,2450,2018,58.50,29.50,2.23,75.33,37.67,3.95,86.67,43.33,4.66
2017-18,Ministry of Culture,Ministry of Culture,7855,2016,10617,2017,10700,2018,143.64,155.52,12.00,166.67,180.56,11.73,178.34,193.20,15.45
2017-18,Ministry of Defence,Ministry of Defence (Misc.),40190,2016,50143,2017,51084,2018,1493.25,662.72,67.75,1580.75,724.05,76.78,1769.87,780.25,87.66
2017-18,Ministry of Drinking Water and Sanitation,Ministry of Drinking Water and Sanitation,164,2016,166,2017,166,2018,7.52,0.64,0.06,10.91,0.75,0.10,11.67,0.76,0.09
2017-18,Ministry of Earth Sciences,Ministry of Earth Sciences,4871,2016,7436,2017,7430,2018,118.70,177.98,4.80,314.70,41.30,6.12,334.07,45.93,6.97
2017-18,Ministry of Electronics and Information Technology,Ministry of Electronics and Information Technology,5522,2016,6567,2017,6567,2018,311.34,207.56,8.67,409.90,273.27,15.01,415.34,276.89,14.01
2017-18,"Ministry of Environment, Forests and Climate Change","Ministry of Environment, Forests and Climate Change",2929,2016,5094,2017,5094,2018,92.46,90.61,24.63,190.23,37.32,19.56,190.71,37.69,20.14
2017-18,Ministry of External Affairs,Ministry of External Affairs,9294,2016,11373,2017,11403,2018,1418.50,127.64,246.23,1667.09,172.25,251.11,1649.26,169.58,257.72
2017-18,Ministry of Finance,Department of Economic Affairs,1085,2016,1341,2017,1365,2018,36.65,38.29,8.90,79.38,6.30,10.79,85.67,6.21,13.29
2017-18,Ministry of Finance,Department of Investment and Public Asset Management (DIPAM),59,2016,74,2017,74,2018,4.40,0.47,2.04,5.71,0.69,3.40,6.51,0.34,3.40
2017-18,Ministry of Finance,Indirect Taxes,50638,2016,91756,2017,91756,2018,1282.00,2051.10,62.94,2573.68,1110.00,63.00,2758.53,1183.00,75.00
2017-18,Ministry of Finance,Direct Taxes,46236,2016,80082,2017,80082,2018,1077.47,1616.21,47.47,1347.20,2020.80,51.34,1441.50,2162.26,55.83
2017-18,Ministry of Finance,Department of Financial Services,1161,2016,1560,2017,1601,2018,73.70,41.34,1.63,89.60,13.42,1.61,95.90,21.53,2.37
2017-18,Ministry of Finance,Department of Expenditure,953,2016,1587,2017,1646,2018,44.85,43.52,4.20,57.03,28.02,3.37,65.52,29.28,6.07
2017-18,Ministry of Finance,Department of Revenue,7120,2016,7120,2017,7120,2018,153.55,,3.96,296.36,,9.79,292.87,,11.19
2017-18,Ministry of Finance,Indian Audit and Accounts Department,45879,2016,47949,2017,50020,2018,1159.44,1774.02,171.40,2673.26,868.74,160.08,2780.12,1009.88,165.25
2017-18,Ministry of Food Processing Industries,Ministry of Food Processing Industries,140,2016,189,2017,189,2018,5.90,6.48,0.55,7.65,7.21,1.05,8.17,7.73,1.17
2017-18,Ministry of Health and Family Welfare,Department of Health Research,21,2016,21,2017,129,2018,,,0.12,,,0.25,,,0.30
2017-18,Ministry of Health and Family Welfare,Department of Health and Family Welfare,21314,2016,23524,2017,24047,2018,769.86,940.95,16.16,823.22,1234.82,26.21,2301.10,255.68,34.17
2017-18,Ministry of Heavy Industries and Public Enterprises,Department of Heavy Industry,278,2016,278,2017,278,2018,5.85,8.60,1.28,14.76,2.47,1.70,15.30,3.25,1.80
2017-18,Ministry of Heavy Industries and Public Enterprises,Department of Public Enterprises,70,2016,122,2017,122,2018,3.00,3.18,0.22,6.16,1.54,0.30,6.34,1.69,0.30
2017-18,Ministry of Home Affairs,Chandigarh,26186,2016,26400,2017,26400,2018,678.85,826.96,2.14,704.90,1014.94,2.73,726.04,1086.47,2.74
2017-18,Ministry of Home Affairs,Dadra and Nagar Haveli,4127,2016,4189,2017,4189,2018,61.89,88.26,1.30,153.13,20.68,1.52,157.05,28.93,1.48
2017-18,Ministry of Home Affairs,Daman and Diu,2954,2016,2954,2017,2954,2018,42.77,87.10,1.29,139.63,10.73,1.70,143.80,17.09,1.92
2017-18,Ministry of Home Affairs,Lakshadweep,5333,2016,5409,2017,5543,2018,81.90,152.10,5.22,92.81,175.31,8.68,116.38,189.88,7.99
2017-18,Ministry of Home Affairs,Police,1007366,2016,1094135,2017,1113689,2018,18611.31,22747.14,1073.16,22729.09,27780.00,1327.00,23226.75,28388.24,1521.30
2017-18,Ministry of Home Affairs,Cabinet,921,2016,1203,2017,1218,2018,34.74,42.47,102.09,44.87,54.84,54.34,46.41,56.72,52.82
2017-18,Ministry of Home Affairs,Ministry of Home Affairs,18702,2016,24770,2017,24778,2018,368.81,447.63,25.36,463.27,563.23,25.47,460.35,562.65,31.36
2017-18,Ministry of Home Affairs,Andaman and Nicobar Islands,29711,2016,29711,2017,29711,2018,455.27,833.81,2180.00,608.67,863.06,19.03,643.90,948.29,18.87
2017-18,Ministry of Housing and Urban Poverty Alleviation,Ministry of Housing and Urban Poverty Alleviation,127,2016,154,2017,154,2018,6.42,3.79,0.22,9.84,3.94,4.33,12.02,2.46,2.97
2017-18,Ministry of Human Resource Development,Department of School Education and Literacy,318,2016,456,2017,456,2018,5.72,8.15,0.88,15.01,6.67,1.86,17.87,8.13,1.66
2017-18,Ministry of Human Resource Development,Department of Higher Education,943,2016,1280,2017,1278,2018,35.92,42.44,3.48,43.16,50.99,7.30,73.55,27.20,7.30
2017-18,Ministry of Information and Broadcasting,Ministry of Information and Broadcasting,4012,2016,6258,2017,6258,2018,165.08,132.56,8.34,272.91,72.55,9.61,253.40,119.25,10.80
2017-18,Ministry of Labour and Employment,Ministry of Labour and Employment,7352,2016,7204,2017,7204,2018,324.54,71.24,14.22,296.40,93.60,9.58,319.20,100.80,12.75
2017-18,Ministry of Law and Justice,Election Commission,450,2016,650,2017,650,2018,9.20,16.26,1.67,30.94,2.06,2.10,31.87,3.13,2.10
2017-18,Ministry of Law and Justice,Law and Justice,1849,2016,2011,2017,1997,2018,28.33,84.97,3.64,127.05,18.15,6.63,144.38,20.63,9.17
2017-18,Ministry of Law and Justice,Supreme Court of India,2393,2016,2393,2017,2393,2018,65.34,72.89,1.45,163.02,37.98,2.50,167.80,402.00,2.50
2017-18,"Ministry of Micro, Small and Medium Enterprises","Ministry of Micro, Small and Medium Enterprises",2111,2016,2878,2017,2878,2018,51.64,61.35,2.52,62.16,81.94,3.58,74.01,86.43,5.73
2017-18,Ministry of Mines,Ministry of Mines,8130,2016,8839,2017,9481,2018,210.99,358.46,29.38,287.98,351.36,32.65,306.83,374.17,30.75
2017-18,Ministry of Minority Affairs,Ministry of Minority Affairs,169,2016,261,2017,260,2018,4.46,8.24,0.69,15.10,1.05,0.89,60.76,5.47,2.15
2017-18,Ministry of New and Renewable Energy,Ministry of New and Renewable Energy,210,2016,284,2017,284,2018,10.61,7.68,1.92,13.21,9.57,2.93,13.17,9.53,2.93
2017-18,Ministry of Panchayati Raj,Ministry of Panchayati Raj,125,2016,125,2017,125,2018,7.91,2.42,0.42,9.15,3.18,0.75,9.79,2.90,1.00
2017-18,Ministry of Parliamentary Affairs,Ministry of Parliamentary Affairs,122,2016,149,2017,149,2018,3.92,6.39,1.09,10.22,1.68,2.70,8.69,2.41,2.75
2017-18,"Ministry of Personnel, Public Grievances and Pensions","Ministry of Personnel, Public Grievances and Pensions",8443,2016,10810,2017,10810,2018,238.55,320.85,22.52,275.96,357.93,41.75,296.72,380.34,30.28
2017-18,"Ministry of Personnel, Public Grievances and Pensions",Central Vigilance Commission,310,2016,310,2017,310,2018,6.19,8.34,1.11,12.64,4.95,1.21,17.34,2.55,1.31
2017-18,Ministry of Petroleum and Natural Gas,Ministry of Petroleum and Natural Gas,244,2016,282,2017,282,2018,18.25,1.44,1.11,21.10,2.10,0.89,21.91,4.39,0.95
2017-18,Ministry of Planning,Ministry of Planning,544,2016,671,2017,671,2018,52.39,34.92,5.34,34.89,23.26,5.18,38.99,26.00,9.80
2017-18,Ministry of Power,Ministry of Power,1213,2016,1847,2017,1849,2018,42.28,53.60,5.86,89.32,24.89,7.18,92.40,25.75,7.73
2017-18,"The President, Parliament, Union Public Service Commission and the Secretariat of the Vice President","Staff, Household and Allowances of the President",267,2016,282,2017,282,2018,12.29,1.83,,15.95,2.10,0.02,15.98,2.15,0.10
2017-18,"The President, Parliament, Union Public Service Commission and the Secretariat of the Vice President",Union Public Service Commission,1408,2016,1822,2017,1822,2018,31.56,54.63,0.34,66.00,40.00,0.50,84.00,28.00,0.50
2017-18,"The President, Parliament, Union Public Service Commission and the Secretariat of the Vice President",Lok Sabha,2343,2016,2988,2017,2988,2018,66.79,119.46,3.10,131.86,98.14,2.60,187.65,60.95,2.75
2017-18,"The President, Parliament, Union Public Service Commission and the Secretariat of the Vice President",Rajya Sabha,1334,2016,1610,2017,1608,2018,38.34,70.28,3.81,75.00,50.72,6.76,103.39,39.12,6.41
2017-18,"The President, Parliament, Union Public Service Commission and the Secretariat of the Vice President",Secretariat of the Vice-President,60,2016,60,2017,60,2018,0.88,1.51,0.04,1.83,1.26,0.28,2.94,0.66,0.21
2017-18,Ministry of Railways,Ministry of Railways,1331433,2016,1331433,2017,1331433,2018,23562.68,35342.86,1505.43,57301.08,17553.81,1603.27,55977.18,20071.91,1671.65
2017-18,Ministry of Road Transport and Highways,Ministry of Road Transport and Highways,920,2016,1082,2017,1082,2018,55.03,11.01,3.27,68.81,13.19,7.51,69.65,22.65,7.91
2017-18,Ministry of Rural Development,Department of Land Resources,74,2016,122,2017,122,2018,3.65,2.75,0.20,4.66,2.86,0.24,6.84,1.21,0.24
2017-18,Ministry of Rural Development,Department of Rural Development,461,2016,582,2017,585,2018,28.09,0.65,0.55,34.23,0.72,0.75,37.70,0.71,0.71
2017-18,Ministry of Science and Technology,Department of Science and Technology,5397,2016,12177,2017,12177,2018,144.73,176.96,11.92,257.20,135.04,16.29,264.94,151.16,17.02
2017-18,Ministry of Science and Technology,Department of Biotechnology,171,2016,254,2017,254,2018,8.15,6.91,1.94,9.00,8.65,2.75,18.03,1.02,3.00
2017-18,Ministry of Science and Technology,Department of Scientific and Industrial Research,87,2016,94,2017,123,2018,3.31,3.86,0.31,7.50,2.64,0.40,9.73,4.06,0.45
2017-18,Ministry of Shipping,Ministry of Shipping,2032,2016,2325,2017,2341,2018,59.08,36.32,5.71,114.09,34.28,11.17,131.66,41.97,12.43
2017-18,Ministry of Skill Development and Entreprenuership,Ministry of Skill Development and Entreprenuership,53,2016,2026,2017,2080,2018,93.53,3.52,7.07,96.75,3.50,9.06,62.50,4.59,12.50
2017-18,Ministry of Social Justice and Empowerment,Department of Empowerment of Persons with Disabilities,99,2016,143,2017,143,2018,2.80,4.45,0.12,5.84,2.23,0.69,6.01,2.83,0.70
2017-18,Ministry of Social Justice and Empowerment,Department of Social Justice and Empowerment,491,2016,624,2017,626,2018,13.65,20.46,1.91,19.50,21.30,2.60,36.78,9.20,3.30
2017-18,Deparment of Space,Department of Space,14826,2016,17359,2017,17894,2018,497.74,915.94,47.44,1313.54,586.67,60.14,1352.16,672.21,65.45
2017-18,Ministry of Statistics and Programme Implementation,Ministry of Statistics and Programme Implementation,4617,2016,6357,2017,6357,2018,133.94,163.70,16.08,249.38,106.88,16.44,266.38,114.16,14.76
2017-18,Ministry of Steel,Ministry of Steel,243,2016,278,2017,278,2018,6.33,9.97,0.78,16.49,3.30,0.78,17.11,4.06,1.36
2017-18,Ministry of Textiles,Ministry of Textiles,4615,2016,4615,2017,4615,2018,170.52,3.36,7.71,256.55,7.54,14.25,224.66,7.88,16.45
2017-18,Ministry of Tourism,Ministry of Tourism,486,2016,578,2017,578,2018,19.47,14.32,6.76,27.99,13.87,3.55,26.83,17.96,6.22
2017-18,Ministry of Tribal Affairs,Ministry of Tribal Affairs,241,2016,310,2017,310,2018,10.52,4.18,0.81,12.48,5.90,1.18,13.04,6.16,1.36
2017-18,Ministry of Urban Development,Ministry of Urban Development,18266,2016,20224,2017,20224,2018,810.13,655.12,10.12,1047.21,732.55,24.92,1097.79,763.69,26.64
2017-18,"Ministry of Water Resources, River Development and Ganga Rejuvenation","Ministry of Water Resources, River Development and Ganga Rejuvenation",7775,2016,11408,2017,11407,2018,427.33,45.69,5.30,515.61,44.78,6.19,679.74,88.36,43.63
2017-18,Ministry of Women and Child Development,Ministry of Women and Child Development,635,2016,727,2017,727,2018,22.73,17.96,1.12,34.76,16.33,0.91,36.46,20.81,2.59
2017-18,Ministry of Youth Affairs and Sports,Ministry of Youth Affairs and Sports,403,2016,451,2017,451,2018,9.76,8.74,1.48,20.17,3.79,2.35,23.86,4.71,2.70
2017-18,GRAND TOTAL,GRAND TOTAL,3284714,2016,3538016,2017,3567574,2018,61991.25,82560.43,6017.80,113305.83,64677.43,4322.89,115429.81,69221.70,4713.93
2018-19,Ministry of Agriculture and Farmers' Welfare,"Department of Agriculture, Cooperation and Farmers' Welfare",3996,2017,5893,2018,5940,2019,192.15,103.46,12.77,191.56,127.70,18.61,204.47,148.07,24.54
2018-19,Ministry of Agriculture and Farmers' Welfare,Department of Agricultural Research and Education,49,2017,48,2018,48,2019,5.64,0.74,0.84,5.50,1.86,0.80,6.00,1.01,1.05
2018-19,Ministry of Agriculture and Farmers' Welfare,"Department of Animal Husbandry, Dairying and Fisheries",2342,2017,3867,2018,3861,2019,103.81,55.65,4.05,93.13,62.00,5.56,95.70,69.30,6.49
2018-19,Department of Atomic Energy,Atomic Energy,30639,2017,34550,2018,36918,2019,1865.86,1222.95,40.79,2396.30,1809.80,39.27,2485.35,1931.05,45.06
2018-19,"Ministry of Ayurveda, Yoga and Naturopathy, Unani, Siddha and Homoeopathy (AYUSH)","Ministry of Ayurveda, Yoga and Naturopathy, Unani, Siddha and Homoeopathy (AYUSH)",187,2017,328,2018,330,2019,11.52,4.70,2.90,12.78,5.22,1.43,14.91,6.09,2.74
2018-19,Ministry of Chemicals and Fertilisers,Department of Chemicals and Petrochemicals,304,2017,304,2018,304,2019,14.46,3.73,1.13,17.18,3.59,1.25,18.18,4.16,1.45
2018-19,Ministry of Chemicals and Fertilisers,Department of Fertilisers,240,2017,263,2018,300,2019,19.81,2.66,0.32,20.31,6.42,1.47,22.81,7.29,2.30
2018-19,Ministry of Chemicals and Fertilisers,Department of Pharmaceuticals,157,2017,157,2018,157,2019,9.57,5.47,0.60,7.63,4.45,0.62,8.09,4.41,0.75
2018-19,Ministry of Civil Aviation,Ministry of Civil Aviation,1145,2017,2144,2018,2342,2019,22.90,22.90,7.57,95.19,25.01,13.20,115.25,34.75,12.54
2018-19,Ministry of Coal,Ministry of Coal,292,2017,431,2018,431,2019,17.45,7.02,1.45,20.12,5.98,1.35,20.72,6.58,1.41
2018-19,Ministry of Commerce and Industry,Department of Commerce,5499,2017,6671,2018,6671,2019,341.39,113.79,21.77,334.94,130.26,27.23,297.31,133.58,25.64
2018-19,Ministry of Commerce and Industry,Department of Industrial Policy and Promotion,2121,2017,2767,2018,2924,2019,95.55,63.68,4.42,102.36,68.22,6.34,114.16,76.13,10.21
2018-19,Ministry of Communications,Department of Posts,433417,2017,433418,2018,433418,2019,8041.68,6435.81,89.88,8724.74,6575.26,90.27,8903.24,7096.76,104.40
2018-19,Ministry of Communications,Department of Telecommunications,2894,2017,2723,2018,2653,2019,221.63,120.93,14.86,217.12,155.57,28.79,212.66,163.54,33.36
2018-19,"Ministry of Consumer Affairs, Food and Public Distribution",Department of Consumer Affairs,802,2017,961,2018,1035,2019,55.09,9.72,1.17,58.54,11.99,1.70,65.60,15.39,1.78
2018-19,"Ministry of Consumer Affairs, Food and Public Distribution",Department of Food and Public Distribution,932,2017,1128,2018,1129,2019,48.36,18.41,1.98,50.74,21.16,2.69,53.56,22.19,2.57
2018-19,Ministry of Corporate Affairs,Ministry of Corporate Affairs,1398,2017,2542,2018,2536,2019,69.42,38.26,2.34,70.96,43.65,2.59,72.55,47.85,2.66
2018-19,Ministry of Culture,Ministry of Culture,7675,2017,10699,2018,10699,2019,176.44,191.13,11.16,284.33,100.22,15.50,299.44,105.56,16.12
2018-19,Ministry of Defence,Ministry of Defence (Misc.),41719,2017,50998,2018,51869,2019,2590.47,330.91,81.77,2884.92,420.42,106.82,3112.44,579.72,141.92
2018-19,Ministry of Development of North Eastern Region,Ministry of Development of North Eastern Region,104,2017,132,2018,132,2019,10.33,0.43,0.43,10.96,0.29,0.46,11.46,0.35,0.31
2018-19,Ministry of Drinking Water and Sanitation,Ministry of Drinking Water and Sanitation,149,2017,180,2018,180,2019,5.90,3.60,0.07,7.15,4.79,0.09,7.42,5.11,0.09
2018-19,Ministry of Earth Sciences,Ministry of Earth Sciences,4654,2017,7472,2018,7472,2019,259.94,95.22,11.01,263.43,112.00,12.71,274.18,115.82,14.68
2018-19,Ministry of Electronics and Information Technology,Ministry of Electronics and Information Technology,5146,2017,6531,2018,6531,2019,404.07,269.37,12.07,413.38,275.59,11.12,451.35,300.90,14.14
2018-19,"Ministry of Environment, Forests and Climate Change","Ministry of Environment, Forests and Climate Change",2885,2017,5111,2018,5119,2019,183.72,35.71,17.40,189.88,49.15,23.29,195.62,67.18,27.01
2018-19,Ministry of External Affairs,Ministry of External Affairs,9672,2017,10868,2018,10868,2019,1712.99,155.20,237.39,1816.83,144.97,260.18,1876.15,155.41,269.84
2018-19,Ministry of Finance,Department of Economic Affairs,1128,2017,1477,2018,1469,2019,67.03,23.44,8.04,81.56,13.37,11.85,89.89,9.79,14.64
2018-19,Ministry of Finance,Department of Expenditure,1041,2017,1585,2018,1575,2019,49.35,35.38,3.02,74.93,25.25,5.73,97.52,35.91,7.16
2018-19,Ministry of Finance,Department of Financial Services,1347,2017,1603,2018,1602,2019,89.81,21.30,1.27,96.23,24.06,1.78,101.04,25.26,2.08
2018-19,Ministry of Finance,Department of Investment and Public Asset Management (DIPAM),60,2017,73,2018,73,2019,5.31,0.74,1.36,6.37,0.92,3.40,6.87,0.78,3.40
2018-19,Ministry of Finance,Department of Revenue,3706,2017,7097,2018,7097,2019,272.36,,14.22,312.14,,19.04,327.74,,20.23
2018-19,Ministry of Finance,Direct Taxes,45333,2017,80287,2018,80287,2019,1345.70,2047.56,49.29,1496.17,2243.83,62.37,1575.28,2351.72,74.66
2018-19,Ministry of Finance,Indirect Taxes,54242,2017,92755,2018,92747,2019,1898.15,2372.69,55.28,4476.19,223.81,77.00,4690.48,234.52,90.00
2018-19,Ministry of Finance,Indian Audit and Accounts Department,46335,2017,47685,2018,49363,2019,2582.60,938.33,152.80,2817.70,1023.40,185.25,2944.56,1088.60,197.42
2018-19,Ministry of Food Processing Industries,Ministry of Food Processing Industries,139,2017,194,2018,194,2019,5.49,9.21,0.98,9.98,5.03,1.47,10.26,5.50,1.35
2018-19,Ministry of Health and Family Welfare,Department of Health and Family Welfare,20865,2017,22843,2018,23414,2019,1345.94,724.74,18.98,1561.05,840.57,31.91,1668.63,898.50,37.05
2018-19,Ministry of Health and Family Welfare,Department of Health Research,19,2017,43,2018,43,2019,,,0.11,,,0.30,5.20,2.20,0.35
2018-19,Ministry of Heavy Industries and Public Enterprises,Department of Heavy Industry,185,2017,261,2018,261,2019,11.52,5.59,1.68,12.04,6.14,1.80,13.26,6.74,1.80
2018-19,Ministry of Heavy Industries and Public Enterprises,Department of Public Enterprises,80,2017,119,2018,119,2019,5.78,1.82,0.40,6.10,1.93,0.40,6.40,2.03,0.40
2018-19,Ministry of Home Affairs,Ministry of Home Affairs,20352,2017,26178,2018,26188,2019,767.68,329.00,24.03,813.65,348.70,33.47,883.69,378.73,37.96
2018-19,Ministry of Home Affairs,Cabinet,942,2017,1219,2018,1249,2019,66.60,28.55,64.51,75.42,32.32,61.11,80.81,34.63,70.38
2018-19,Ministry of Home Affairs,Police,1024374,2017,1108683,2018,1125093,2019,35485.52,15208.08,1314.33,39174.90,16789.24,1595.41,41839.04,17931.02,1759.91
2018-19,Ministry of Home Affairs,Andaman and Nicobar Islands,29738,2017,29738,2018,29738,2019,881.75,614.26,18.58,1079.99,578.72,21.90,1147.44,586.08,18.56
2018-19,Ministry of Home Affairs,Chandigarh,24682,2017,24517,2018,26400,2019,699.22,923.31,2.13,720.20,1056.70,2.65,741.81,1123.94,3.08
2018-19,Ministry of Home Affairs,Dadra and Nagar Haveli,4127,2017,4189,2018,4189,2019,159.88,30.38,1.10,159.63,26.35,1.48,163.54,32.80,1.49
2018-19,Ministry of Home Affairs,Daman and Diu,2954,2017,2954,2018,2954,2019,141.48,14.79,1.04,143.80,14.51,1.92,148.11,18.02,1.98
2018-19,Ministry of Home Affairs,Lakshadweep,5333,2017,5400,2018,5500,2019,187.06,96.36,6.73,202.13,104.13,7.99,200.65,108.05,7.13
2018-19,Ministry of Housing and Urban Affairs,Ministry of Housing and Urban Affairs,18115,2017,20255,2018,20255,2019,1028.47,714.70,14.78,1102.21,765.95,37.27,1166.75,810.80,48.34
2018-19,Ministry of Human Resource Development,Department of School Education and Literacy,332,2017,446,2018,446,2019,14.31,3.37,0.58,17.87,8.13,1.66,16.69,5.33,1.74
2018-19,Ministry of Human Resource Development,Department of Higher Education,927,2017,1264,2018,1264,2019,69.09,26.63,3.06,73.55,27.20,7.30,73.07,27.02,7.30
2018-19,Ministry of Information and Broadcasting,Ministry of Information and Broadcasting,3788,2017,5743,2018,5743,2019,221.68,62.52,8.57,207.20,97.50,11.08,207.94,111.96,12.00
2018-19,Ministry of Labour and Employment,Ministry of Labour and Employment,363,2017,6733,2018,6733,2019,363.97,5.16,11.73,357.72,7.39,15.44,367.33,8.77,16.76
2018-19,Ministry of Law and Justice,Law and Justice,1701,2017,1786,2018,1893,2019,109.30,32.77,4.94,122.90,34.69,8.37,119.97,36.02,7.43
2018-19,Ministry of Law and Justice,Election Commission,456,2017,677,2018,677,2019,23.39,10.56,2.21,32.43,5.84,2.80,33.39,6.79,2.80
2018-19,Ministry of Law and Justice,Supreme Court of India,2393,2017,2393,2018,2393,2019,163.02,30.68,3.43,168.04,25.18,2.50,172.97,28.13,3.00
2018-19,"Ministry of Micro, Small and Medium Enterprises","Ministry of Micro, Small and Medium Enterprises",2072,2017,2442,2018,2446,2019,63.82,82.31,3.41,96.51,55.21,3.53,107.08,65.18,8.50
2018-19,Ministry of Mines,Ministry of Mines,7790,2017,8443,2018,8562,2019,440.40,224.94,32.94,533.98,179.66,42.22,545.83,185.97,36.47
2018-19,Ministry of Minority Affairs,Ministry of Minority Affairs,774,2017,859,2018,859,2019,14.36,1.33,0.73,57.10,10.19,1.61,56.10,10.69,1.95
2018-19,Ministry of New and Renewable Energy,Ministry of New and Renewable Energy,228,2017,309,2018,309,2019,14.93,9.95,2.26,22.28,4.87,2.93,22.95,5.05,2.95
2018-19,Ministry of Panchayati Raj,Ministry of Panchayati Raj,74,2017,124,2018,124,2019,8.51,3.02,0.58,8.21,2.90,1.00,8.62,3.45,1.00
2018-19,Ministry of Parliamentary Affairs,Ministry of Parliamentary Affairs,122,2017,149,2018,149,2019,7.82,4.25,1.43,6.95,3.70,1.80,7.22,3.89,2.80
2018-19,"Ministry of Personnel, Public Grievances and Pensions","Ministry of Personnel, Public Grievances and Pensions",8346,2017,10545,2018,10545,2019,249.28,404.85,40.50,267.44,433.13,31.93,279.68,452.81,31.57
2018-19,"Ministry of Personnel, Public Grievances and Pensions",Central Vigilance Commission,237,2017,299,2018,299,2019,9.62,11.79,0.85,10.28,12.60,0.88,10.79,13.21,0.85
2018-19,Ministry of Petroleum and Natural Gas,Ministry of Petroleum and Natural Gas,243,2017,252,2018,316,2019,16.50,6.57,0.97,17.11,7.64,1.50,19.25,8.25,1.90
2018-19,Ministry of Planning,Ministry of Planning,634,2017,704,2018,704,2019,36.93,19.89,3.93,39.00,21.00,8.67,42.17,22.70,9.21
2018-19,Ministry of Power,Ministry of Power,1835,2017,1835,2018,1835,2019,99.05,12.81,4.37,100.14,13.18,4.50,103.78,13.91,4.50
2018-19,"The President, Parliament, Union Public Service Commission and the Secretariat of the Vice President","Staff, Household and Allowances of the President",271,2017,346,2018,346,2019,13.97,3.81,0.01,15.00,3.94,0.06,15.66,5.59,0.05
2018-19,"The President, Parliament, Union Public Service Commission and the Secretariat of the Vice President",Lok Sabha,2327,2017,3101,2018,3101,2019,143.85,81.04,2.04,189.65,58.95,2.75,190.35,69.65,2.95
2018-19,"The President, Parliament, Union Public Service Commission and the Secretariat of the Vice President",Rajya Sabha,1361,2017,1812,2018,1812,2019,75.21,56.48,4.49,106.12,37.58,4.17,116.26,36.76,4.46
2018-19,"The President, Parliament, Union Public Service Commission and the Secretariat of the Vice President",Union Public Service Commission,1330,2017,1827,2018,1827,2019,59.92,45.85,0.45,78.73,27.27,0.50,81.08,32.04,0.50
2018-19,"The President, Parliament, Union Public Service Commission and the Secretariat of the Vice President",Secretariat of the Vice-President,60,2017,60,2018,60,2019,1.69,1.36,0.23,2.61,0.58,0.17,3.13,0.77,0.18
2018-19,Ministry of Railways,Ministry of Railways,1308472,2017,1308472,2018,1308472,2019,53625.51,18993.52,1498.79,54747.94,20912.29,1806.10,55775.58,23962.40,1892.69
2018-19,Ministry of Road Transport and Highways,Ministry of Road Transport and Highways,640,2017,744,2018,744,2019,63.64,15.91,5.92,70.06,17.51,7.91,75.66,18.91,8.09
2018-19,Ministry of Rural Development,Department of Rural Development,566,2017,571,2018,571,2019,35.23,0.58,0.35,37.70,0.71,0.71,39.59,0.71,0.87
2018-19,Ministry of Rural Development,Department of Land Resources,75,2017,122,2018,122,2019,4.66,2.55,0.44,6.94,1.10,0.11,7.35,1.21,
2018-19,Ministry of Science and Technology,Department of Science and Technology,5184,2017,5259,2018,5116,2019,269.94,107.30,10.29,289.97,93.08,15.65,291.91,99.89,16.34
2018-19,Ministry of Science and Technology,Department of Biotechnology,247,2017,247,2018,247,2019,13.71,4.02,0.54,13.19,6.14,3.00,13.67,6.97,3.00
2018-19,Ministry of Science and Technology,Department of Scientific and Industrial Research,76,2017,81,2018,123,2019,6.60,2.83,0.34,7.10,2.35,0.45,7.15,2.77,0.50
2018-19,Ministry of Shipping,Ministry of Shipping,2049,2017,2397,2018,2403,2019,101.81,27.57,8.31,121.98,38.84,11.43,130.54,47.65,13.46
2018-19,Ministry of Skill Development and Entrepreneurship,Ministry of Skill Development and Entrepreneurship,830,2017,1013,2018,832,2019,70.53,2.39,4.36,127.20,3.78,7.43,147.89,4.62,9.46
2018-19,Ministry of Social Justice and Empowerment,Department of Social Justice and Empowerment,556,2017,646,2018,646,2019,37.62,11.63,1.96,43.44,1.34,2.90,47.04,1.46,3.70
2018-19,Ministry of Social Justice and Empowerment,Department of Empowerment of Persons with Disabilities,143,2017,144,2018,147,2019,8.29,9.07,0.78,10.40,13.16,1.20,10.40,13.99,1.12
2018-19,Deparment of Space,Department of Space,14671,2017,15409,2018,16079,2019,1301.68,587.21,51.99,1329.32,817.74,75.98,1395.79,835.67,76.57
2018-19,Ministry of Statistics and Programme Implementation,Ministry of Statistics and Programme Implementation,4509,2017,6319,2018,6319,2019,257.69,110.44,18.54,270.18,115.79,18.88,285.35,122.29,26.12
2018-19,Ministry of Steel,Ministry of Steel,225,2017,288,2018,288,2019,16.30,3.43,0.80,19.10,1.83,1.87,20.00,1.98,1.51
2018-19,Ministry of Textiles,Ministry of Textiles,4628,2017,4615,2018,4615,2019,194.69,3.18,9.08,227.54,7.93,14.60,172.39,4.39,11.20
2018-19,Ministry of Tourism,Ministry of Tourism,487,2017,578,2018,578,2019,27.51,13.75,3.86,26.88,13.44,4.54,28.23,14.11,4.86
2018-19,Ministry of Tribal Affairs,Ministry of Tribal Affairs,210,2017,310,2018,310,2019,12.83,6.04,0.93,16.65,6.55,1.60,18.98,7.52,2.50
2018-19,"Ministry of Water Resources, River Development and Ganga Rejuvenation","Ministry of Water Resources, River Development and Ganga Rejuvenation",7293,2017,10998,2018,10996,2019,561.91,187.95,22.00,759.93,111.99,40.00,811.39,147.92,46.20
2018-19,Ministry of Women and Child Development,Ministry of Women and Child Development,457,2017,678,2018,763,2019,23.59,12.70,0.82,34.65,7.13,1.02,39.42,9.62,90.56
2018-19,Ministry of Youth Affairs and Sports,Ministry of Youth Affairs and Sports,299,2017,316,2018,318,2019,20.28,5.65,1.75,23.08,6.95,2.67,24.55,7.64,2.80
2018-19,GRAND TOTAL,GRAND TOTAL,3252796,2017,3480697,2018,3505809,2019,122451.49,54701.34,4110.36,133426.44,57548.48,5014.26,138791.78,63249.48,5534.85
2019-20,Ministry of Agriculture and Farmers' Welfare,"Department of Agriculture, Cooperation and Farmers' Welfare",3998,2018,5812,2019,5833,2020,190.39,121.72,17.15,213.50,136.50,22.22,210.39,157.04,26.67
2019-20,Ministry of Agriculture and Farmers' Welfare,Department of Agricultural Research and Education,36,2018,40,2019,44,2020,4.09,0.61,0.30,5.62,0.98,1.00,5.90,1.05,1.00
2019-20,Department of Atomic Energy,Atomic Energy,31489,2018,37944,2019,41750,2020,2540.41,1624.19,45.03,2632.96,1677.46,48.13,2810.34,1799.23,48.96
2019-20,"Ministry of Ayurveda, Yoga and Naturopathy, Unani, Siddha and Homoeopathy (AYUSH)","Ministry of Ayurveda, Yoga and Naturopathy, Unani, Siddha and Homoeopathy (AYUSH)",176,2018,312,2019,317,2020,10.67,7.11,3.26,12.48,8.32,2.62,13.20,8.80,3.84
2019-20,Ministry of Chemicals and Fertilisers,Department of Chemicals and Petrochemicals,134,2018,187,2019,187,2020,12.59,2.43,0.86,15.00,4.00,0.90,16.00,4.20,1.10
2019-20,Ministry of Chemicals and Fertilisers,Department of Fertilisers,239,2018,299,2019,299,2020,22.29,8.97,0.56,24.12,12.26,0.65,25.32,12.72,0.90
2019-20,Ministry of Chemicals and Fertilisers,Department of Pharmaceuticals,143,2018,171,2019,171,2020,10.34,3.84,0.64,10.95,5.70,1.08,11.95,6.05,1.30
2019-20,Ministry of Civil Aviation,Ministry of Civil Aviation,1174,2018,2285,2019,2363,2020,108.02,11.80,12.22,122.87,16.71,16.99,132.98,20.78,17.09
2019-20,Ministry of Coal,Ministry of Coal,288,2018,440,2019,440,2020,24.82,0.07,0.90,28.11,0.09,1.56,29.01,0.07,1.55
2019-20,Ministry of Commerce and Industry,Department of Commerce,4645,2018,5526,2019,5552,2020,192.90,256.23,23.13,187.35,253.11,28.58,198.25,263.02,32.47
2019-20,Ministry of Commerce and Industry,Department for Promotion of Industry and Internal Trade,2121,2018,2255,2019,2567,2020,100.34,66.88,4.56,118.63,79.11,8.24,126.30,84.21,10.95
2019-20,Ministry of Communications,Department of Posts,418818,2018,420822,2019,421068,2020,8172.66,6458.51,105.81,10694.96,5925.54,113.90,11015.80,6435.70,128.66
2019-20,Ministry of Communications,Department of Telecommunications 2017-2018 2018-2019 2019-2020,2916,2018,3475,2019,3683,2020,550.45,125.62,18.96,235.15,164.85,34.93,252.40,139.70,39.53
2019-20,"Ministry of Consumer Affairs, Food and Public Distribution",Department of Consumer Affairs,860,2018,968,2019,1046,2020,51.54,16.37,1.49,63.24,14.71,1.84,68.16,27.12,3.07
2019-20,"Ministry of Consumer Affairs, Food and Public Distribution",Department of Food and Public Distribution,826,2018,1048,2019,1092,2020,56.55,13.69,2.65,59.63,16.12,3.21,58.06,21.94,3.02
2019-20,Ministry of Corporate Affairs,Ministry of Corporate Affairs,1470,2018,2549,2019,2549,2020,89.66,33.48,4.04,95.38,42.15,5.25,99.52,44.89,6.25
2019-20,Ministry of Culture,Ministry of Culture,6885,2018,10421,2019,10532,2020,226.34,150.90,15.86,242.40,161.60,16.35,256.41,170.92,16.08
2019-20,Ministry of Defence,Ministry of Defence (Civil),42370,2018,87363,2019,88717,2020,2673.84,342.82,194.21,4404.58,602.35,186.14,4827.00,621.33,202.59
2019-20,Ministry of Development of North Eastern Region,Ministry of Development of North Eastern Region,96,2018,115,2019,104,2020,11.16,0.15,0.40,11.75,0.10,0.27,12.53,0.26,0.30
2019-20,Ministry of Earth Sciences,Ministry of Earth Sciences,4329,2018,7475,2019,7475,2020,253.63,109.26,5.61,276.90,116.30,9.20,290.99,121.01,9.89
2019-20,Ministry of Electronics and Information Technology,Ministry of Electronics and Information Technology,5106,2018,6612,2019,6612,2020,424.08,282.73,10.52,515.02,343.34,12.93,511.80,341.20,13.46
2019-20,"Ministry of Environment, Forests and Climate Change","Ministry of Environment, Forests and Climate Change",2983,2018,5113,2019,5144,2020,191.30,40.27,25.04,199.89,61.90,34.27,202.80,65.56,39.77
2019-20,Ministry of External Affairs,Ministry of External Affairs,10044,2018,11870,2019,11877,2020,1683.36,127.45,260.79,1870.24,132.76,255.52,1886.80,140.64,270.50
2019-20,Ministry of Finance,Department of Economic Affairs 2017-2018 2018-2019 2019-2020,1158,2018,1466,2019,1376,2020,93.27,19.88,8.77,105.30,26.39,8.72,106.42,28.95,10.80
2019-20,Ministry of Finance,Department of Expenditure,1015,2018,1592,2019,1580,2020,70.52,28.82,3.99,87.07,27.45,5.19,94.91,26.21,6.19
2019-20,Ministry of Finance,Department of Financial Services,1126,2018,1630,2019,1647,2020,94.25,23.55,2.15,111.64,27.91,2.75,117.22,29.31,2.42
2019-20,Ministry of Finance,Department of Investment and Public Asset Management (DIPAM),60,2018,76,2019,76,2020,6.29,0.87,1.51,6.86,0.75,3.40,7.29,0.70,3.40
2019-20,Ministry of Finance,Department of Revenue,3706,2018,7097,2019,7097,2020,293.08,,13.56,377.51,,15.50,396.32,,18.96
2019-20,Ministry of Finance,Direct Taxes,50208,2018,80063,2019,80143,2020,2183.55,1455.70,65.49,2341.78,1561.18,94.66,2458.87,1639.24,91.43
2019-20,Ministry of Finance,Indirect Taxes,53394,2018,92842,2019,92842,2020,3421.20,1197.42,75.62,3638.64,1273.52,92.00,3820.56,1337.20,96.00
2019-20,Ministry of Finance,Indian Audit and Accounts Department,44973,2018,46575,2019,48055,2020,2851.06,900.34,184.22,3121.80,1040.60,238.52,3276.83,1092.27,234.09
2019-20,"Ministry of Fisheries, Animal Husbandry and Dairying",Department of Animal Husbandry and Dairying,2171,2018,3811,2019,3826,2020,96.67,61.80,4.80,100.85,70.09,7.34,77.13,57.62,6.43
2019-20,"Ministry of Fisheries, Animal Husbandry and Dairying",Department of Fisheries,2171,2018,3811,2019,3826,2020,96.67,61.80,4.80,100.85,70.09,7.34,33.34,25.15,3.98
2019-20,Ministry of Food Processing Industries,Ministry of Food Processing Industries,150,2018,181,2019,181,2020,9.45,5.10,1.42,10.20,6.14,1.62,10.80,6.36,1.62
2019-20,Ministry of Health and Family Welfare,Department of Health and Family Welfare,22084,2018,22925,2019,23210,2020,1736.11,520.84,20.21,1993.36,598.01,32.28,2101.39,630.41,37.28
2019-20,Ministry of Health and Family Welfare,Department of Health Research,20,2018,45,2019,45,2020,,,0.23,2.10,0.90,0.25,3.50,1.50,0.30
2019-20,Ministry of Heavy Industries and Public Enterprises,Department of Heavy Industry,180,2018,197,2019,197,2020,14.04,4.00,1.68,15.10,5.03,2.00,16.51,5.49,2.00
2019-20,Ministry of Heavy Industries and Public Enterprises,Department of Public Enterprises,68,2018,119,2019,119,2020,5.91,1.95,0.26,6.71,2.24,0.34,7.12,2.38,0.34
2019-20,Ministry of Home Affairs,Ministry of Home Affairs,21522,2018,26562,2019,26564,2020,817.77,290.59,35.42,970.76,323.59,47.11,607.59,742.62,67.72
2019-20,Ministry of Home Affairs,Cabinet,964,2018,1309,2019,1379,2020,77.97,25.99,58.37,87.28,29.09,86.42,66.65,81.35,84.82
2019-20,Ministry of Home Affairs,Police 2017-2018 2018-2019 2019-2020,1052351,2018,1113770,2019,1131704,2020,41249.04,14492.91,1630.99,48182.46,16928.97,2119.45,30693.47,37514.25,2482.86
2019-20,Ministry of Home Affairs,Andaman and Nicobar Islands,29750,2018,29750,2019,29750,2020,1056.43,603.07,23.91,1186.10,613.35,20.69,1287.56,580.97,21.52
2019-20,Ministry of Home Affairs,Chandigarh,24517,2018,24304,2019,26634,2020,720.20,1028.82,2.62,741.80,1124.95,3.13,764.04,1158.96,3.19
2019-20,Ministry of Home Affairs,Dadra and Nagar Haveli,4127,2018,4189,2019,4189,2020,159.34,30.33,1.40,163.59,30.12,1.49,168.50,34.90,1.76
2019-20,Ministry of Home Affairs,Daman and Diu,2753,2018,2954,2019,3104,2020,150.67,15.07,1.02,150.02,15.00,1.98,157.52,15.75,1.93
2019-20,Ministry of Home Affairs,Lakshadweep,5500,2018,5727,2019,5900,2020,183.31,122.21,7.60,185.22,123.48,7.13,198.98,138.27,8.26
2019-20,Ministry of Housing and Urban Affairs,Ministry of Housing and Urban Affairs,19812,2018,19877,2019,19878,2020,1072.08,704.71,19.41,1166.75,810.80,49.59,1121.79,787.16,30.09
2019-20,Ministry of Human Resource Development,Department of School Education and Literacy,299,2018,452,2019,452,2020,17.79,2.10,0.73,21.55,2.97,1.74,21.91,2.98,1.59
2019-20,Ministry of Human Resource Development,Department of Higher Education,891,2018,1162,2019,1162,2020,83.49,12.46,3.76,86.00,14.93,5.90,90.25,14.75,6.45
2019-20,Ministry of Information and Broadcasting,Ministry of Information and Broadcasting,3766,2018,5626,2019,5626,2020,196.07,96.52,10.17,212.90,114.64,11.88,227.82,107.18,13.10
2019-20,Ministry of Jal Shakti,Department of Drinking Water and Sanitation,180,2018,185,2019,185,2020,9.23,2.47,0.01,10.50,3.01,0.09,12.00,3.19,0.09
2019-20,Ministry of Jal Shakti,"Department of Water Resources, River Development and Ganga Rejuvenation",7004,2018,10938,2019,10985,2020,638.99,105.22,45.07,767.73,154.66,78.01,826.99,173.37,94.65
2019-20,Ministry of Labour and Employment,Ministry of Labour and Employment,4583,2018,6764,2019,6782,2020,269.47,99.67,12.71,272.24,111.10,14.87,277.79,124.81,16.35
2019-20,Ministry of Law and Justice,Law and Justice,1633,2018,1956,2019,2043,2020,109.12,48.93,4.86,111.89,55.11,7.25,112.74,63.42,7.66
2019-20,Ministry of Law and Justice,Election Commission,456,2018,745,2019,745,2020,30.14,8.13,4.07,36.09,5.31,3.99,37.18,6.28,4.30
2019-20,Ministry of Law and Justice,Supreme Court of India 2017-2018 2018-2019 2019-2020,2409,2018,2439,2019,2439,2020,168.04,23.08,1.15,180.44,25.66,3.00,185.55,29.46,3.00
2019-20,"Ministry of Micro, Small and Medium Enterprises","Ministry of Micro, Small and Medium Enterprises",381,2018,452,2019,452,2020,30.52,9.35,1.08,38.00,10.12,2.05,38.53,11.85,4.00
2019-20,Ministry of Mines,Ministry of Mines,7618,2018,13956,2019,13956,2020,544.47,165.48,41.35,504.93,153.59,50.64,626.44,168.48,50.56
2019-20,Ministry of Minority Affairs,Ministry of Minority Affairs,787,2018,875,2019,917,2020,44.50,7.97,0.95,48.35,14.81,1.73,56.01,18.60,2.36
2019-20,Ministry of New and Renewable Energy,Ministry of New and Renewable Energy,225,2018,311,2019,311,2020,20.02,5.96,0.92,20.15,8.35,1.03,20.70,8.32,1.05
2019-20,Ministry of Panchayati Raj,Ministry of Panchayati Raj,73,2018,140,2019,140,2020,6.67,1.41,0.68,6.89,1.46,1.00,7.38,1.56,1.00
2019-20,Ministry of Parliamentary Affairs,Ministry of Parliamentary Affairs,121,2018,149,2019,149,2020,6.95,3.45,1.27,7.27,4.27,2.45,7.52,4.59,2.80
2019-20,"Ministry of Personnel, Public Grievances and Pensions","Ministry of Personnel, Public Grievances and Pensions",8358,2018,10414,2019,10414,2020,259.31,444.11,33.65,279.76,476.26,39.70,291.66,495.95,41.69
2019-20,"Ministry of Personnel, Public Grievances and Pensions",Central Vigilance Commission,237,2018,299,2019,299,2020,9.62,11.79,0.85,10.28,12.60,0.88,10.79,13.21,0.85
2019-20,Ministry of Petroleum and Natural Gas,Ministry of Petroleum and Natural Gas,252,2018,253,2019,353,2020,23.61,7.51,1.49,25.23,6.39,2.18,26.49,6.38,2.26
2019-20,Ministry of Planning,Ministry of Planning,593,2018,718,2019,718,2020,37.43,20.15,6.08,37.78,20.35,7.46,39.75,21.41,8.72
2019-20,Ministry of Power,Ministry of Power 2017-2018 2018-2019 2019-2020,1789,2018,1834,2019,1870,2020,116.29,45.05,5.36,126.29,47.72,5.36,130.29,48.01,9.62
2019-20,"The President, Parliament, Union Public Service Commission and the Secretariat of the Vice President","Staff, Household and Allowances of the President",271,2018,287,2019,353,2020,15.00,3.93,0.12,20.64,1.66,0.01,22.30,1.70,0.23
2019-20,"The President, Parliament, Union Public Service Commission and the Secretariat of the Vice President",Lok Sabha,2384,2018,3084,2019,3084,2020,180.54,59.90,1.36,189.96,100.74,4.83,195.82,79.68,3.70
2019-20,"The President, Parliament, Union Public Service Commission and the Secretariat of the Vice President",Rajya Sabha,1404,2018,1836,2019,1836,2020,102.02,38.22,2.44,105.17,97.36,6.76,108.31,59.54,6.41
2019-20,"The President, Parliament, Union Public Service Commission and the Secretariat of the Vice President",Secretariat of the Vice-President,60,2018,62,2019,62,2020,3.18,3.18,0.18,3.85,2.26,0.36,4.05,2.52,0.41
2019-20,"The President, Parliament, Union Public Service Commission and the Secretariat of the Vice President",Union Public Service Commission,1279,2018,1826,2019,1826,2020,79.08,26.89,0.47,80.72,29.28,0.85,83.84,31.66,0.80
2019-20,Ministry of Railways,Ministry of Railways,1270714,2018,1270714,2019,1369713,2020,55040.60,21247.48,1936.47,55309.86,25951.55,2075.51,58932.86,31494.02,2190.56
2019-20,Ministry of Road Transport and Highways,Ministry of Road Transport and Highways,911,2018,1160,2019,1159,2020,65.76,16.44,5.62,75.20,18.80,8.00,84.80,21.20,10.50
2019-20,Ministry of Rural Development,Department of Rural Development,429,2018,572,2019,572,2020,36.77,0.52,0.64,40.50,0.74,0.87,42.00,0.74,0.99
2019-20,Ministry of Rural Development,Department of Land Resources,74,2018,122,2019,122,2020,7.94,1.65,0.19,8.80,2.38,0.35,9.24,2.86,0.42
2019-20,Ministry of Science and Technology,Department of Science and Technology,4693,2018,12429,2019,12436,2020,274.65,95.65,14.13,290.15,101.13,14.26,284.26,99.04,14.98
2019-20,Ministry of Science and Technology,Department of Biotechnology,172,2018,247,2019,244,2020,18.65,4.96,2.22,19.94,8.46,3.00,20.94,9.07,2.70
2019-20,Ministry of Science and Technology,Department of Scientific and Industrial Research,78,2018,77,2019,121,2020,6.50,2.78,0.31,6.88,2.94,0.35,7.22,3.09,0.35
2019-20,Ministry of Shipping,Ministry of Shipping 2017-2018 2018-2019 2019-2020,1771,2018,2178,2019,2185,2020,115.80,21.63,10.04,127.64,34.41,13.33,135.67,41.09,15.85
2019-20,Ministry of Skill Development and Entrepreneurship,Ministry of Skill Development and Entrepreneurship,863,2018,992,2019,1050,2020,17.36,1.82,4.98,109.00,2.33,8.62,108.67,2.59,9.82
2019-20,Ministry of Social Justice and Empowerment,Department of Social Justice and Empowerment,512,2018,622,2019,624,2020,32.81,10.94,3.12,36.37,12.13,3.70,42.00,14.00,4.65
2019-20,Ministry of Social Justice and Empowerment,Department of Empowerment of Persons with Disabilities,105,2018,143,2019,143,2020,7.00,3.35,0.92,7.50,3.60,1.41,7.55,4.11,2.74
2019-20,Deparment of Space,Department of Space,15614,2018,18534,2019,18534,2020,1287.78,840.99,66.23,1347.84,966.19,84.37,1384.80,1084.09,100.36
2019-20,Ministry of Statistics and Programme Implementation,Ministry of Statistics and Programme Implementation,4509,2018,6319,2019,6319,2020,257.69,110.44,18.54,270.18,115.79,18.88,285.35,122.29,26.12
2019-20,Ministry of Steel,Ministry of Steel,226,2018,291,2019,291,2020,15.09,5.64,1.84,20.89,2.25,2.56,21.99,2.31,2.35
2019-20,Ministry of Textiles,Ministry of Textiles,4289,2018,4290,2019,4295,2020,196.14,4075.61,9.84,174.71,6924.96,10.17,192.18,7963.70,11.18
2019-20,Ministry of Tourism,Ministry of Tourism,489,2018,579,2019,579,2020,30.40,7.64,1.55,35.38,8.84,1.77,35.51,9.17,1.78
2019-20,Ministry of Tribal Affairs,Ministry of Tribal Affairs,220,2018,297,2019,297,2020,15.04,5.36,1.62,17.54,6.96,2.42,20.38,8.35,3.15
2019-20,Ministry of Women and Child Development,Ministry of Women and Child Development 2017-2018 2018-2019 2019-2020,448,2018,719,2019,719,2020,30.96,6.78,1.17,31.65,11.82,1.30,44.02,12.37,1.93
2019-20,Ministry of Youth Affairs and Sports,Ministry of Youth Affairs and Sports,301,2018,294,2019,290,2020,22.87,6.81,2.24,21.98,6.62,2.22,25.61,6.86,2.82
2019-20,GRAND TOTAL,GRAND TOTAL,3238397,2018,3491316,2019,3619596,2020,134541.67,59120.29,5185.89,148051.10,70142.12,6161.79,135803.38,98824.31,6783.24
2020-21,Ministry of Agriculture and Farmers'' Welfare,"Department of Agriculture, Cooperation and Farmers'' Welfare",3925,2019,5683,2020,5691,2021,198.97,132.65,22.35,193.89,140.41,22.08,190.39,166.91,26.46
2020-21,Ministry of Agriculture and Farmers'' Welfare,Department of Agricultural Research and Education,39,2019,41,2020,48,2021,5.45,0.58,0.63,5.00,1.18,0.60,5.40,1.15,1.00
2020-21,Department of Atomic Energy,Atomic Energy,35108,2019,38010,2020,37413,2021,2428.10,1601.40,50.99,2422.45,2187.12,56.67,2701.29,2184.85,58.17
2020-21,"Ministry of Ayurveda, Yoga and Naturopathy, Unani, Siddha and Homoeopathy (AYUSH)","Ministry of Ayurveda, Yoga and Naturopathy, Unani, Siddha and Homoeopathy (AYUSH)",225,2019,341,2020,341,2021,12.08,8.06,2.38,13.42,8.95,2.93,14.70,9.80,4.93
2020-21,Ministry of Chemicals and Fertilisers,Department of Chemicals and Petrochemicals,187,2019,188,2020,181,2021,9.55,2.60,1.00,11.00,2.80,1.20,11.70,3.00,1.30
2020-21,Ministry of Chemicals and Fertilisers,Department of Fertilisers,239,2019,299,2020,299,2021,22.29,8.97,0.56,24.12,12.26,0.65,25.32,12.72,0.90
2020-21,Ministry of Chemicals and Fertilisers,Department of Pharmaceuticals,111,2019,132,2020,163,2021,10.80,4.43,2.65,10.90,5.72,2.95,11.93,5.43,2.66
2020-21,Ministry of Civil Aviation,Ministry of Civil Aviation,1246,2019,2106,2020,2320,2021,118.55,14.69,11.88,123.67,19.97,17.92,127.40,22.23,17.45
2020-21,Ministry of Coal,Ministry of Coal,275,2019,381,2020,381,2021,28.11,0.09,1.56,19.60,9.39,1.57,19.97,10.14,1.50
2020-21,Ministry of Commerce and Industry,Department of Commerce,3381,2019,5359,2020,5359,2021,185.19,245.48,25.74,202.12,267.93,29.80,226.53,300.29,33.96
2020-21,Ministry of Commerce and Industry,Department for Promotion of Industry and Internal Trade,2255,2019,2255,2020,2616,2021,163.26,87.91,8.01,180.05,95.95,13.46,183.91,99.03,14.14
2020-21,Ministry of Communications,Department of Posts,418239,2019,418239,2020,418400,2021,11335.05,5218.46,138.87,12056.79,6648.68,135.70,12619.86,7207.94,161.96
2020-21,Ministry of Communications,Department of Telecommunications 2018-2019 2019-2020 2020-2021,2916,2019,3546,2020,3715,2021,300.09,180.42,31.45,331.06,220.14,23.74,342.45,241.93,35.86
2020-21,"Ministry of Consumer Affairs, Food and Public Distribution",Department of Consumer Affairs,787,2019,939,2020,1116,2021,54.65,20.79,1.98,55.19,24.40,2.89,58.17,26.78,3.54
2020-21,"Ministry of Consumer Affairs, Food and Public Distribution",Department of Food and Public Distribution,819,2019,823,2020,1094,2021,52.41,19.86,3.03,55.53,22.73,3.09,57.17,24.96,3.19
2020-21,Ministry of Corporate Affairs,Ministry of Corporate Affairs,1488,2019,2833,2020,2843,2021,89.77,47.80,5.66,95.73,51.20,7.80,95.49,50.25,7.49
2020-21,Ministry of Culture,Ministry of Culture,6876,2019,10752,2020,10762,2021,240.64,160.42,15.71,260.69,173.78,15.10,285.28,190.19,21.32
2020-21,Ministry of Defence,Ministry of Defence (Civil),70978,2019,92811,2020,93024,2021,4722.35,619.73,229.17,4927.38,996.92,260.78,5061.89,1130.84,273.14
2020-21,Ministry of Development of North Eastern Region,Ministry of Development of North Eastern Region,94,2019,109,2020,116,2021,11.84,0.13,0.29,12.77,0.30,0.31,13.77,0.50,0.46
2020-21,Ministry of Earth Sciences,Ministry of Earth Sciences,4927,2019,7508,2020,7508,2021,262.58,108.44,7.63,283.20,129.80,7.86,291.96,144.24,9.28
2020-21,Ministry of Electronics and Information Technology,Ministry of Electronics and Information Technology,5121,2019,6233,2020,6468,2021,516.96,344.63,13.19,531.06,354.04,15.92,540.42,360.28,20.20
2020-21,"Ministry of Environment, Forests and Climate Change","Ministry of Environment, Forests and Climate Change",2800,2019,4936,2020,4936,2021,199.89,50.30,35.60,209.88,53.32,38.66,214.04,54.38,46.27
2020-21,Ministry of External Affairs,Ministry of External Affairs,9668,2019,11835,2020,11835,2021,1910.73,128.72,276.71,1999.95,139.26,295.30,2097.30,142.76,297.40
2020-21,Ministry of Finance,Department of Economic Affairs 2018-2019 2019-2020 2020-2021,1087,2019,1403,2020,1406,2021,101.54,18.01,8.57,111.87,22.80,10.40,114.30,24.60,12.59
2020-21,Ministry of Finance,Department of Expenditure,977,2019,1604,2020,1594,2021,85.42,28.04,5.54,88.56,29.03,6.53,107.36,25.77,8.95
2020-21,Ministry of Finance,Department of Financial Services,1288,2019,1613,2020,1613,2021,101.21,25.30,2.74,105.19,26.30,2.52,111.50,27.88,2.64
2020-21,Ministry of Finance,Department of Investment and Public Asset Management (DIPAM),77,2019,86,2020,86,2021,8.03,0.70,1.96,7.98,0.70,2.40,8.50,0.80,3.00
2020-21,Ministry of Finance,Department of Revenue,3853,2019,7093,2020,7096,2021,341.49,,21.19,387.19,,26.91,390.49,,28.90
2020-21,Ministry of Finance,Direct Taxes,52600,2019,92802,2020,92802,2021,3560.87,1362.91,95.22,3788.35,1477.45,100.00,3903.32,1678.43,110.00
2020-21,Ministry of Finance,Indirect Taxes,52600,2019,92802,2020,92802,2021,3560.87,1362.91,95.22,3788.35,1477.45,100.00,3903.32,1678.43,110.00
2020-21,Ministry of Finance,Indian Audit and Accounts Department,46076,2019,46875,2020,47375,2021,3109.63,1036.54,243.96,3276.63,1092.27,241.81,3469.99,1156.66,282.85
2020-21,"Ministry of Fisheries, Animal Husbandry and Dairying",Department of Fisheries,718,2019,883,2020,1014,2021,32.03,2.31,35.23,14.75,14.75,2.54,38.76,16.23,2.80
2020-21,"Ministry of Fisheries, Animal Husbandry and Dairying",Department of Animal Husbandry and Dairying,1485,2019,2572,2020,2572,2021,88.16,29.85,4.39,96.98,32.84,4.83,106.67,36.12,5.31
2020-21,Ministry of Food Processing Industries,Ministry of Food Processing Industries,109,2019,181,2020,181,2021,10.80,6.36,1.62,18.11,6.66,1.88,20.92,6.85,2.55
2020-21,Ministry of Health and Family Welfare,Department of Health and Family Welfare,22206,2019,23010,2020,23054,2021,1630.23,877.81,24.41,1857.80,1000.36,31.56,1759.75,947.55,36.34
2020-21,Ministry of Health and Family Welfare,Department of Health Research,26,2019,42,2020,42,2021,1.90,0.82,0.11,3.50,1.50,1.25,3.71,1.59,3.00
2020-21,Ministry of Heavy Industries and Public Enterprises,Department of Heavy Industry,173,2019,233,2020,233,2021,14.56,5.42,1.74,14.91,6.19,2.00,16.71,6.29,2.00
2020-21,Ministry of Heavy Industries and Public Enterprises,Department of Public Enterprises,76,2019,119,2020,119,2021,6.37,2.28,0.16,6.40,2.30,0.23,6.92,2.30,0.25
2020-21,Ministry of Home Affairs,Ministry of Home Affairs,18430,2019,26562,2020,26564,2021,915.50,338.61,46.04,956.68,390.75,75.94,1020.97,417.01,83.54
2020-21,Ministry of Home Affairs,Cabinet,964,2019,1309,2020,1427,2021,83.02,30.71,84.05,89.47,36.54,75.55,100.54,41.06,89.12
2020-21,Ministry of Home Affairs,Police 2018-2019 2019-2020 2020-2021,1052351,2019,1113770,2020,1131704,2021,47063.42,17407.02,2212.04,52295.08,19342.02,2711.13,55076.15,20370.63,2443.59
2020-21,Ministry of Home Affairs,Andaman and Nicobar Islands,29738,2019,29894,2020,29864,2021,1091.13,716.37,23.94,1234.36,706.21,25.34,1302.44,767.82,22.47
2020-21,Ministry of Home Affairs,Chandigarh,24112,2019,24392,2020,27622,2021,741.12,1059.70,2.77,764.04,1158.96,3.90,786.96,1224.29,3.86
2020-21,Ministry of Home Affairs,Dadra and Nagar Haveli and Daman and Diu,5580,2019,6030,2020,6412,2021,304.18,58.52,3.02,315.47,61.22,3.98,332.63,80.50,4.04
2020-21,Ministry of Home Affairs,Lakshadweep,5500,2019,5900,2020,5775,2021,193.48,134.44,8.12,204.44,142.06,8.96,209.36,157.93,9.50
2020-21,Ministry of Housing and Urban Affairs,Ministry of Housing and Urban Affairs,19878,2019,19507,2020,19489,2021,1158.68,651.75,21.81,1119.61,715.82,26.45,1137.63,823.80,32.23
2020-21,Ministry of Human Resource Development,Department of School Education and Literacy,183,2019,276,2020,276,2021,16.63,7.13,0.85,19.72,6.67,1.29,23.78,8.02,0.86
2020-21,Ministry of Human Resource Development,Department of Higher Education,880,2019,1155,2020,1155,2021,85.36,12.47,4.42,90.25,14.75,6.25,98.57,17.69,6.25
2020-21,Ministry of Information and Broadcasting,Ministry of Information and Broadcasting,3608,2019,5335,2020,5301,2021,203.35,109.49,11.20,217.00,102.12,12.71,226.63,111.63,12.50
2020-21,Ministry of Jal Shakti,"Department of Water Resources, River Development and Ganga Rejuvenation",6933,2019,10606,2020,10669,2021,530.24,220.73,36.85,579.82,262.12,62.41,584.30,288.65,60.80
2020-21,Ministry of Jal Shakti,Department of Drinking Water and Sanitation,180,2019,185,2020,185,2021,9.23,2.47,0.01,10.50,3.01,0.09,12.00,3.19,0.09
2020-21,Ministry of Labour and Employment,Ministry of Labour and Employment,4292,2019,6711,2020,6711,2021,372.53,11.52,13.55,389.32,12.04,13.75,416.13,12.87,14.50
2020-21,Ministry of Law and Justice,Law and Justice,1439,2019,1691,2020,1698,2021,101.23,56.94,5.65,104.02,71.81,7.98,104.71,85.68,8.22
2020-21,Ministry of Law and Justice,Election Commission,501,2019,806,2020,886,2021,33.06,11.00,4.36,35.23,15.47,5.00,36.26,17.48,4.60
2020-21,Ministry of Law and Justice,Supreme Court of India 2018-2019 2019-2020 2020-2021,2410,2019,2768,2020,2800,2021,180.43,28.07,2.82,185.55,46.45,3.00,195.50,44.46,3.00
2020-21,"Ministry of Micro, Small and Medium Enterprises","Ministry of Micro, Small and Medium Enterprises",333,2019,452,2020,452,2021,38.52,9.29,2.49,41.37,12.47,3.90,43.85,9.48,3.45
2020-21,Ministry of Mines,Ministry of Mines,7923,2019,13285,2020,13285,2021,552.82,189.04,47.43,579.05,196.83,47.86,632.63,215.13,48.74
2020-21,Ministry of Minority Affairs,Ministry of Minority Affairs,807,2019,866,2020,866,2021,53.04,10.49,11.15,56.45,10.99,12.35,65.27,11.95,14.31
2020-21,Ministry of New and Renewable Energy,Ministry of New and Renewable Energy,223,2019,330,2020,330,2021,19.10,7.05,0.92,20.00,7.90,0.73,21.38,8.62,1.00
2020-21,Ministry of Panchayati Raj,Ministry of Panchayati Raj,76,2019,127,2020,127,2021,8.52,1.93,0.66,10.20,2.31,0.68,10.82,2.45,0.70
2020-21,Ministry of Parliamentary Affairs,Ministry of Parliamentary Affairs,117,2019,150,2020,150,2021,7.29,4.22,0.73,7.57,4.62,1.89,7.80,5.12,2.90
2020-21,"Ministry of Personnel, Public Grievances and Pensions","Ministry of Personnel, Public Grievances and Pensions",8028,2019,10712,2020,10712,2021,276.22,500.80,42.82,287.93,519.46,47.83,316.36,539.47,51.56
2020-21,"Ministry of Personnel, Public Grievances and Pensions",Central Vigilance Commission,242,2019,319,2020,319,2021,24.85,0.13,0.83,26.61,0.13,0.85,28.20,0.02,1.05
2020-21,Ministry of Petroleum and Natural Gas,Ministry of Petroleum and Natural Gas,240,2019,348,2020,348,2021,19.61,6.53,1.80,20.44,6.81,2.00,21.98,7.32,1.80
2020-21,Ministry of Planning,Ministry of Planning,558,2019,733,2020,733,2021,37.17,20.00,6.07,38.19,20.57,8.61,40.43,21.77,7.55
2020-21,Ministry of Power,Ministry of Power 2018-2019 2019-2020 2020-2021,1160,2019,1833,2020,1840,2021,104.87,42.37,5.30,115.08,50.88,5.59,120.25,53.11,6.69
2020-21,"The President, Parliament, Union Public Service Commission and the Secretariat of the Vice President","Staff, Household and Allowances of the President",271,2019,287,2020,353,2021,15.00,3.93,0.12,19.11,1.66,0.12,19.11,0.12,0.05
2020-21,"The President, Parliament, Union Public Service Commission and the Secretariat of the Vice President",Lok Sabha,2408,2019,2729,2020,2859,2021,259.31,79.65,5.37,197.44,111.56,3.80,201.98,117.52,3.70
2020-21,"The President, Parliament, Union Public Service Commission and the Secretariat of the Vice President",Rajya Sabha,1404,2019,1836,2020,1836,2021,108.14,40.51,2.50,114.62,4294.00,2.75,121.49,45.51,2.92
2020-21,"The President, Parliament, Union Public Service Commission and the Secretariat of the Vice President",Secretariat of the Vice-President,62,2019,62,2020,62,2021,3.82,2.23,0.36,3.80,3.81,0.45,4.25,2.55,0.45
2020-21,"The President, Parliament, Union Public Service Commission and the Secretariat of the Vice President",Union Public Service Commission,1252,2019,1848,2020,1848,2021,77.72,33.25,0.75,83.84,31.66,0.80,86.30,36.13,1.00
2020-21,Ministry of Railways,Ministry of Railways,1270399,2019,1270399,2020,1270399,2021,55186.98,25944.54,2341.21,55349.84,35148.89,2329.39,57203.57,39488.09,2457.60
2020-21,Ministry of Road Transport and Highways,Ministry of Road Transport and Highways,855,2019,1070,2020,1070,2021,58.53,29.27,6.21,70.67,35.33,10.50,73.33,36.67,10.50
2020-21,Ministry of Rural Development,Department of Rural Development,403,2019,556,2020,556,2021,36.77,0.52,0.64,40.24,0.74,0.87,42.66,0.74,0.99
2020-21,Ministry of Rural Development,Department of Land Resources,74,2019,122,2020,122,2021,7.94,1.65,0.19,8.80,2.38,0.35,9.24,2.86,0.42
2020-21,Ministry of Science and Technology,Department of Science and Technology,4553,2019,12404,2020,12404,2021,378.21,84.96,16.72,379.90,93.46,18.48,387.40,98.99,16.38
2020-21,Ministry of Science and Technology,Department of Biotechnology,168,2019,255,2020,255,2021,20.33,5.37,2.18,22.37,6.94,3.00,23.71,9.77,3.00
2020-21,Ministry of Science and Technology,Department of Scientific and Industrial Research,76,2019,116,2020,116,2021,6.86,2.94,0.33,7.36,3.16,0.37,7.66,3.28,0.40
2020-21,Ministry of Shipping,Ministry of Shipping 2018-2019 2019-2020 2020-2021,1660,2019,2149,2020,2174,2021,110.37,37.92,11.48,125.81,44.00,14.68,131.47,49.77,16.69
2020-21,Ministry of Skill Development and Entrepreneurship,Ministry of Skill Development and Entrepreneurship,1328,2019,1987,2020,2601,2021,116.22,2.62,7.76,122.79,3.86,10.91,131.86,4.78,11.40
2020-21,Ministry of Social Justice and Empowerment,Department of Social Justice and Empowerment,489,2019,673,2020,652,2021,33.69,14.44,3.61,41.25,17.68,4.75,45.01,19.29,6.40
2020-21,Ministry of Social Justice and Empowerment,Department of Empowerment of Persons with Disabilities,95,2019,143,2020,161,2021,7.88,3.38,1.03,8.51,3.65,1.90,9.10,3.90,2.30
2020-21,Deparment of Space,Department of Space,14799,2019,18702,2020,18702,2021,1374.50,926.50,72.19,1495.67,971.65,88.69,1528.09,1012.61,119.90
2020-21,Ministry of Statistics and Programme Implementation,Ministry of Statistics and Programme Implementation,4650,2019,6398,2020,6398,2021,283.10,121.33,37.86,296.78,127.19,52.23,303.01,129.86,30.80
2020-21,Ministry of Steel,Ministry of Steel,211,2019,266,2020,274,2021,16.63,6.82,2.50,16.08,8.22,2.10,18.56,9.54,2.18
2020-21,Ministry of Textiles,Ministry of Textiles,4653,2019,4289,2020,4289,2021,198.96,2.24,11.82,217.32,4.27,14.83,239.87,4.75,16.34
2020-21,Ministry of Tourism,Ministry of Tourism,462,2019,578,2020,578,2021,32.95,6.57,2.21,35.24,7.05,2.35,38.11,7.62,2.54
2020-21,Ministry of Tribal Affairs,Ministry of Tribal Affairs,193,2019,313,2020,313,2021,16.73,7.34,3.55,17.85,8.88,3.13,20.53,9.92,4.05
2020-21,Ministry of Women and Child Development,Ministry of Women and Child Development 2018-2019 2019-2020 2020-2021,426,2019,744,2020,744,2021,110.51,79.60,2.55,136.94,118.55,10.47,188.07,144.02,10.87
2020-21,Ministry of Youth Affairs and Sports,Ministry of Youth Affairs and Sports,276,2019,286,2020,304,2021,19.94,8.74,2.12,21.73,9.28,2.56,24.10,9.40,2.69
2020-21,GRAND TOTAL,GRAND TOTAL,3262908,2019,3500941,2020,3525388,2021,148238.11,62860.93,6566.06,156239.43,81735.71,7247.34,162990.57,84594.94,7316.25
2021-22,Ministry of Agriculture and Farmers'' Welfare,"Department of Agriculture, Cooperation and Farmers'' Welfare",3619,2020,5760,2021,5826,2022,214.71,115.62,20.02,215.15,115.85,15.92,190.39,140.40,23.16
2021-22,Ministry of Agriculture and Farmers'' Welfare,Department of Agricultural Research and Education,32,2020,54,2021,54,2022,4.61,0.97,0.50,5.27,0.93,0.20,5.60,1.12,0.60
2021-22,Department of Atomic Energy,Atomic Energy,32764,2020,38153,2021,37883,2022,2424.26,1764.36,53.33,2392.05,1975.54,20.29,2513.13,2116.52,25.00
2021-22,"Ministry of Ayurveda, Yoga and Naturopathy, Unani, Siddha and Homoeopathy (AYUSH)","Ministry of Ayurveda, Yoga and Naturopathy, Unani, Siddha and Homoeopathy (AYUSH)",170,2020,290,2021,290,2022,13.10,8.73,1.87,15.24,10.16,0.98,13.70,9.13,3.95
2021-22,Ministry of Chemicals and Fertilisers,Department of Chemicals and Petrochemicals,212,2020,286,2021,284,2022,13.13,4.85,0.83,12.88,5.37,0.41,13.49,6.01,0.87
2021-22,Ministry of Chemicals and Fertilisers,Department of Fertilisers,126,2020,194,2021,194,2022,5.03,0.01,0.65,5.33,0.01,0.64,6.12,0.01,0.90
2021-22,Ministry of Chemicals and Fertilisers,Department of Pharmaceuticals,101,2020,185,2021,186,2022,10.39,6.81,0.81,11.10,7.43,0.73,12.64,9.54,1.21
2021-22,Ministry of Civil Aviation,Ministry of Civil Aviation,1254,2020,2278,2021,2312,2022,100.33,35.96,10.85,112.38,32.78,8.49,149.93,120.76,19.25
2021-22,Ministry of Coal,Ministry of Coal,284,2020,430,2021,434,2022,28.48,0.01,1.37,28.52,0.01,1.35,32.57,0.02,1.72
2021-22,Ministry of Commerce and Industry,Department of Commerce,3206,2020,5345,2021,5345,2022,284.70,133.98,27.95,253.44,168.96,16.81,205.04,260.96,22.16
2021-22,Ministry of Commerce and Industry,Department for Promotion of Industry and Internal Trade,1674,2020,1833,2021,2102,2022,122.45,81.84,5.93,125.23,83.51,1.88,130.63,87.20,6.78
2021-22,Ministry of Communications,Department of Posts,418240,2020,418600,2021,418600,2022,11455.00,5329.30,141.50,12150.00,6750.00,140.70,12420.50,7300.00,165.39
2021-22,Ministry of Communications,Department of Telecommunications 2019-2020 2020-2021 2021-2022,3452,2020,3850,2021,3274,2022,350.89,224.42,24.01,344.25,224.56,10.48,370.64,238.44,31.77
2021-22,"Ministry of Consumer Affairs, Food and Public Distribution",Department of Consumer Affairs,793,2020,1127,2021,1133,2022,32.79,24.84,2.52,54.51,23.09,1.03,56.56,26.01,2.63
2021-22,"Ministry of Consumer Affairs, Food and Public Distribution",Department of Food and Public Distribution,757,2020,1027,2021,1031,2022,53.47,18.44,2.87,51.91,26.69,2.87,58.35,27.04,2.98
2021-22,Ministry of Corporate Affairs,Ministry of Corporate Affairs,1489,2020,2850,2021,2855,2022,94.29,51.20,8.69,98.67,54.32,9.18,99.06,55.49,9.98
2021-22,Ministry of Culture,Ministry of Culture,6721,2020,10294,2021,10359,2022,257.85,171.88,14.28,256.10,170.73,8.05,300.02,199.98,10.45
2021-22,Ministry of Defence,Ministry of Defence (Civil),80463,2020,92830,2021,93000,2022,4930.42,842.62,268.49,5062.00,927.05,257.67,5147.27,1180.46,292.69
2021-22,Ministry of Development of North Eastern Region,Ministry of Development of North Eastern Region,11,2020,11,2021,11,2022,58.94,,4.16,75.00,,2.00,80.00,,7.00
2021-22,Ministry of Earth Sciences,Ministry of Earth Sciences,4649,2020,7508,2021,7508,2022,281.80,129.65,6.27,280.04,127.92,2.53,291.31,141.55,5.66
2021-22,Ministry of Education,Department of School Education and Literacy,276,2020,276,2021,276,2022,22.60,1.64,0.50,24.80,0.89,0.86,36.32,2.50,0.90
2021-22,Ministry of Education,Department of Higher Education,844,2020,1164,2021,1162,2022,85.82,12.57,2.43,99.41,17.76,6.15,106.46,19.14,5.58
2021-22,Ministry of Electronics and Information Technology,Ministry of Electronics and Information Technology,5113,2020,6547,2021,6565,2022,522.77,348.67,14.33,516.97,344.84,4.97,545.52,364.09,10.16
2021-22,"Ministry of Environment, Forests and Climate Change","Ministry of Environment, Forests and Climate Change 2019-2020 2020-2021 2021-2022",2622,2020,4885,2021,4885,2022,202.77,54.55,31.44,200.62,61.28,5.76,208.98,71.91,25.89
2021-22,Ministry of External Affairs,Ministry of External Affairs,8831,2020,11035,2021,11035,2022,2003.19,134.34,257.33,2076.30,150.83,136.36,2178.54,164.31,269.64
2021-22,Ministry of Finance,Department of Economic Affairs,1073,2020,1397,2021,1371,2022,77.48,27.97,8.15,78.81,29.74,3.35,80.75,35.53,8.52
2021-22,Ministry of Finance,Department of Expenditure,1047,2020,1511,2021,1575,2022,60.86,56.30,4.52,91.32,26.69,3.94,100.59,24.51,8.47
2021-22,Ministry of Finance,Department of Financial Services,1268,2020,1617,2021,1617,2022,103.60,25.91,2.38,101.58,25.43,1.34,107.73,26.99,2.44
2021-22,Ministry of Finance,Department of Investment and Public Asset Management (DIPAM),68,2020,86,2021,86,2022,7.67,0.78,1.08,8.05,1.52,0.65,8.52,1.62,2.16
2021-22,Ministry of Finance,Department of Revenue,4024,2020,7113,2021,7113,2022,361.08,,25.61,378.83,,15.00,417.10,,27.21
2021-22,Ministry of Finance,Direct Taxes,47143,2020,78471,2021,78471,2022,2599.59,1670.74,82.99,2683.10,1761.93,72.10,3041.48,1770.26,100.21
2021-22,Ministry of Finance,Indirect Taxes,50952,2020,92936,2021,92936,2022,3533.33,1681.58,94.84,3543.00,1694.01,41.00,3823.23,1828.00,105.00
2021-22,Ministry of Finance,Indian Audit and Accounts Department,46860,2020,46900,2021,47400,2022,3275.23,1062.42,239.49,3425.47,1125.67,245.62,3560.45,1180.47,290.69
2021-22,"Ministry of Fisheries, Animal Husbandry and Dairying",Department of Fisheries,614,2020,1265,2021,1265,2022,31.84,17.84,2.67,37.62,21.09,2.56,42.05,23.39,4.82
2021-22,"Ministry of Fisheries, Animal Husbandry and Dairying",Department of Animal Husbandry and Dairying,1496,2020,2443,2021,2491,2022,78.14,34.69,2.52,80.32,33.42,1.32,88.30,36.75,3.16
2021-22,Ministry of Food Processing Industries,Ministry of Food Processing Industries,132,2020,181,2021,181,2022,16.51,8.69,1.74,21.10,10.33,1.55,22.00,11.55,2.55
2021-22,Ministry of Health and Family Welfare,Department of Health and Family Welfare,20907,2020,24979,2021,24979,2022,1784.22,960.73,22.57,1947.97,1048.91,20.31,2092.93,1126.66,30.37
2021-22,Ministry of Health and Family Welfare,Department of Health Research,25,2020,42,2021,42,2022,2.37,1.02,0.83,3.71,1.59,1.00,3.85,1.65,3.50
2021-22,Ministry of Heavy Industries and Public Enterprises,Department of Heavy Industry,233,2020,233,2021,234,2022,14.53,5.38,1.74,14.66,4.63,2.00,15.09,6.86,2.00
2021-22,Ministry of Heavy Industries and Public Enterprises,Department of Public Enterprises 2019-2020 2020-2021 2021-2022,78,2020,118,2021,118,2022,6.30,2.47,0.22,6.09,2.39,0.17,6.45,2.47,0.25
2021-22,Ministry of Home Affairs,Ministry of Home Affairs,20111,2020,28500,2021,28481,2022,931.28,344.46,71.25,972.34,397.15,32.92,1092.90,514.30,86.17
2021-22,Ministry of Home Affairs,Cabinet,934,2020,1412,2021,1412,2022,87.40,32.32,69.55,89.99,36.76,76.92,100.54,47.31,84.12
2021-22,Ministry of Home Affairs,Police,1060419,2020,935246,2021,1038241,2022,51815.82,19164.75,2763.75,52158.52,21304.18,1706.39,54384.26,22384.72,2312.38
2021-22,Ministry of Home Affairs,Andaman and Nicobar Islands,29939,2020,29939,2021,29939,2022,1153.82,771.00,26.96,1271.84,608.12,23.10,1309.96,660.30,24.96
2021-22,Ministry of Home Affairs,Chandigarh,23913,2020,23737,2021,24616,2022,795.92,1115.11,2.47,819.79,1063.21,1.59,844.38,1151.45,3.04
2021-22,Ministry of Home Affairs,Dadra and Nagar Haveli and Daman and Diu,5574,2020,6024,2021,6478,2022,300.39,87.46,3.11,303.42,97.10,1.02,316.63,105.14,3.77
2021-22,Ministry of Home Affairs,Lakshadweep,5771,2020,5771,2021,5771,2022,208.93,145.61,9.30,209.36,157.94,9.50,211.87,160.01,9.50
2021-22,Ministry of Housing and Urban Affairs,Ministry of Housing and Urban Affairs,19493,2020,19643,2021,19647,2022,1057.40,734.80,18.21,1025.27,712.47,22.30,1119.05,777.65,31.06
2021-22,Ministry of Information and Broadcasting,Ministry of Information and Broadcasting,3379,2020,5260,2021,5227,2022,214.77,101.06,11.48,215.86,102.51,4.48,219.21,107.66,12.94
2021-22,Ministry of Jal Shakti,"Department of Water Resources, River Development and Ganga Rejuvenation",8683,2020,10284,2021,10139,2022,560.64,111.73,23.87,561.88,110.24,36.00,686.48,180.10,28.73
2021-22,Ministry of Jal Shakti,Department of Drinking Water and Sanitation,102,2020,158,2021,158,2022,10.50,3.77,0.08,11.78,4.22,0.11,12.51,4.48,0.11
2021-22,Ministry of Labour and Employment,Ministry of Labour and Employment,4292,2020,6711,2021,6711,2022,390.80,14.77,15.52,391.16,11.84,11.59,402.19,13.85,13.65
2021-22,Ministry of Law and Justice,Law and Justice,1487,2020,1893,2021,1877,2022,98.55,68.12,6.40,110.34,76.68,4.68,117.88,81.92,6.78
2021-22,Ministry of Law and Justice,Election Commission,509,2020,805,2021,885,2022,35.86,14.23,4.98,36.75,15.46,5.02,37.82,16.01,5.32
2021-22,Ministry of Law and Justice,Supreme Court of India 2019-2020 2020-2021 2021-2022,2450,2020,2770,2021,2800,2022,186.66,42.96,2.47,197.86,47.26,3.15,206.27,49.42,3.45
2021-22,"Ministry of Micro, Small and Medium Enterprises","Ministry of Micro, Small and Medium Enterprises",443,2020,452,2021,452,2022,38.52,0.10,11.85,41.37,0.05,12.47,43.85,0.06,9.48
2021-22,Ministry of Mines,Ministry of Mines,7980,2020,13285,2021,13285,2022,581.23,192.43,45.23,635.67,198.64,47.23,684.23,209.46,48.66
2021-22,Ministry of Minority Affairs,Ministry of Minority Affairs,799,2020,917,2021,751,2022,53.50,11.55,12.50,16.15,9.20,4.35,66.10,12.95,16.41
2021-22,Ministry of New and Renewable Energy,Ministry of New and Renewable Energy,213,2020,327,2021,327,2022,18.74,7.81,0.72,20.94,8.89,0.53,21.21,9.99,1.10
2021-22,Ministry of Panchayati Raj,Ministry of Panchayati Raj,74,2020,128,2021,128,2022,10.05,2.82,0.49,10.82,3.03,0.70,11.47,3.49,0.81
2021-22,Ministry of Parliamentary Affairs,Ministry of Parliamentary Affairs,117,2020,150,2021,150,2022,7.76,4.72,0.68,8.47,5.50,0.45,8.44,5.47,2.35
2021-22,"Ministry of Personnel, Public Grievances and Pensions","Ministry of Personnel, Public Grievances and Pensions",8028,2020,10712,2021,10712,2022,272.22,497.58,42.82,284.43,516.37,42.53,291.36,527.49,42.34
2021-22,"Ministry of Personnel, Public Grievances and Pensions",Central Vigilance Commission,35,2020,39,2021,47,2022,26.64,,0.71,28.20,,1.05,35.97,,1.05
2021-22,Ministry of Petroleum and Natural Gas,Ministry of Petroleum and Natural Gas,205,2020,332,2021,348,2022,26.32,6.48,1.76,29.30,8.97,1.80,35.00,8.46,1.80
2021-22,Ministry of Planning,Ministry of Planning,508,2020,731,2021,731,2022,38.35,20.65,5.54,38.36,20.66,3.59,40.64,21.89,3.55
2021-22,Ministry of Power,Ministry of Power 2019-2020 2020-2021 2021-2022,798,2020,1465,2021,1465,2022,104.88,29.72,5.89,114.61,27.50,6.72,123.28,31.34,7.35
2021-22,"The President, Parliament, Union Public Service Commission and the Secretariat of the Vice President","Staff, Household and Allowances of the President",274,2020,350,2021,350,2022,16.52,8.65,0.11,16.99,6.00,0.11,18.61,7.01,0.05
2021-22,"The President, Parliament, Union Public Service Commission and the Secretariat of the Vice President",Lok Sabha,2260,2020,3147,2021,3147,2022,198.18,107.02,3.06,207.93,111.87,2.45,216.59,123.71,3.95
2021-22,"The President, Parliament, Union Public Service Commission and the Secretariat of the Vice President",Rajya Sabha,1458,2020,1791,2021,1791,2022,119.29,65.58,37.72,121.61,71.82,23.39,124.79,90.66,50.94
2021-22,"The President, Parliament, Union Public Service Commission and the Secretariat of the Vice President",Secretariat of the Vice-President,62,2020,62,2021,62,2022,3.76,3.74,0.38,4.25,2.35,0.22,4.40,2.58,0.45
2021-22,"The President, Parliament, Union Public Service Commission and the Secretariat of the Vice President",Union Public Service Commission,1255,2020,1848,2021,1848,2022,82.83,30.56,0.20,84.56,31.26,0.30,90.43,35.45,1.03
2021-22,Ministry of Railways,Ministry of Railways,1270399,2020,1270399,2021,1270399,2022,55349.84,34156.29,2021.45,57426.49,3440.08,2526.97,59269.23,40412.26,2672.48
2021-22,Ministry of Road Transport and Highways,Ministry of Road Transport and Highways,726,2020,1034,2021,1034,2022,64.00,27.47,6.79,77.00,33.00,11.75,68.26,29.26,8.75
2021-22,Ministry of Rural Development,Department of Rural Development,380,2020,549,2021,549,2022,39.78,0.71,0.73,42.66,1.05,1.00,45.66,1.17,1.11
2021-22,Ministry of Rural Development,Department of Land Resources,74,2020,122,2021,122,2022,8.52,1.97,0.15,8.92,1.80,0.20,11.42,3.15,0.35
2021-22,Ministry of Science and Technology,Department of Science and Technology,4217,2020,12446,2021,12446,2022,272.28,106.85,16.47,280.50,91.30,14.08,285.50,98.97,21.09
2021-22,Ministry of Science and Technology,Department of Biotechnology,168,2020,249,2021,249,2022,22.21,6.45,1.61,22.00,5.00,0.60,23.32,9.36,2.50
2021-22,Ministry of Science and Technology,Department of Scientific and Industrial Research,116,2020,116,2021,116,2022,7.35,3.15,0.42,6.22,4.15,0.14,6.24,6.76,0.61
2021-22,"Ministry of Ports, Shipping and Waterways","Ministry of Ports, Shipping and Waterways 2019-2020 2020-2021 2021-2022",1572,2020,2082,2021,2087,2022,112.36,36.68,10.42,117.82,41.42,7.64,131.40,47.99,16.31
2021-22,Ministry of Skill Development and Entrepreneurship,Ministry of Skill Development and Entrepreneurship,1226,2020,2582,2021,2595,2022,119.74,4.55,5.96,121.23,5.40,2.55,126.53,6.33,6.60
2021-22,Ministry of Social Justice and Empowerment,Department of Social Justice and Empowerment,451,2020,666,2021,666,2022,37.02,15.86,4.58,42.69,15.00,4.61,47.71,20.45,6.20
2021-22,Ministry of Social Justice and Empowerment,Department of Empowerment of Persons with Disabilities,91,2020,151,2021,171,2022,8.12,3.48,1.38,9.10,3.90,1.00,12.04,5.16,2.30
2021-22,Deparment of Space,Department of Space,16107,2020,17096,2021,16861,2022,1475.16,976.76,78.33,1392.81,934.21,22.14,1525.87,1149.01,47.93
2021-22,Ministry of Statistics and Programme Implementation,Ministry of Statistics and Programme Implementation,4215,2020,6145,2021,6145,2022,446.01,191.15,53.64,448.92,192.40,18.21,477.24,204.53,35.59
2021-22,Ministry of Steel,Ministry of Steel,213,2020,269,2021,269,2022,15.67,7.55,1.71,14.92,7.93,0.60,16.28,6.97,2.15
2021-22,Ministry of Textiles,Ministry of Textiles,4653,2020,4289,2021,4289,2022,206.32,2.06,10.87,210.79,4.23,13.90,228.34,4.09,15.17
2021-22,Ministry of Tourism,Ministry of Tourism,462,2020,578,2021,578,2022,33.29,6.84,2.56,34.02,6.98,2.61,38.01,7.79,2.92
2021-22,Ministry of Tribal Affairs,Ministry of Tribal Affairs,172,2020,321,2021,321,2022,16.75,5.10,2.54,16.63,4.80,0.51,16.45,5.55,2.20
2021-22,Ministry of Women and Child Development,Ministry of Women and Child Development 2019-2020 2020-2021 2021-2022,392,2020,478,2021,463,2022,31.75,8.08,0.97,33.16,8.91,1.05,40.37,10.03,1.27
2021-22,Ministry of Youth Affairs and Sports,Ministry of Youth Affairs and Sports,291,2020,382,2021,407,2022,22.62,8.15,2.01,24.65,8.87,1.80,26.09,9.71,2.98
2021-22,GRAND TOTAL,GRAND TOTAL,3271113,2020,3309947,2021,3414226,2022,153262.86,74364.49,6815.93,157259.15,47645.54,5786.24,163857.57,88002.17,7203.48
2022-23,Ministry of Agriculture and Farmers Welfare,Department of Agriculture and Farmers Welfare,3545,2021,5647,2022,5675,2023,228.61,93.37,11.45,225.46,132.42,14.90,226.00,150.67,21.66
2022-23,Ministry of Agriculture and Farmers Welfare,Department of Agricultural Research and Education,30,2021,54,2022,54,2023,5.26,5.88,0.08,5.90,6.62,0.35,6.25,7.40,0.50
2022-23,Department of Atomic Energy,Atomic Energy,29420,2021,38058,2022,38247,2023,2042.79,1741.04,15.35,2402.12,2197.88,29.33,2510.45,2463.37,47.03
2022-23,Ministry of AYUSH,Ministry of Ayush,249,2021,338,2022,336,2023,13.20,8.80,0.89,14.30,9.53,1.92,17.10,11.40,3.95
2022-23,Ministry of Chemicals and Fertilisers,Department of Chemicals and Petrochemicals,282,2021,292,2022,284,2023,12.65,4.74,0.31,14.00,4.62,0.56,14.65,5.16,0.77
2022-23,Ministry of Chemicals and Fertilisers,Department of Fertilisers,176,2021,194,2022,209,2023,18.28,,0.29,19.76,,0.40,21.73,,0.46
2022-23,Ministry of Chemicals and Fertilisers,Department of Pharmaceuticals,97,2021,204,2022,204,2023,12.67,13.87,0.60,14.05,15.63,0.31,16.50,18.80,1.05
2022-23,Ministry of Civil Aviation,Ministry of Civil Aviation,1899,2021,2075,2022,2297,2023,99.70,41.58,5.47,106.41,50.79,7.80,123.06,52.31,11.63
2022-23,Ministry of Coal,Ministry of Coal,260,2021,434,2022,434,2023,19.19,8.62,0.71,21.34,8.41,2.16,23.57,9.76,2.35
2022-23,Ministry of Commerce and Industry,Department of Commerce,5345,2021,5345,2022,5734,2023,277.71,130.69,27.95,274.49,182.99,18.14,301.88,201.25,28.69
2022-23,Ministry of Commerce and Industry,Department for Promotion of Industry and Internal Trade,1674,2021,1883,2022,2102,2023,255.00,137.35,1.93,278.50,149.96,5.53,290.56,156.45,5.00
2022-23,Ministry of Communications,Department of Posts,403817,2021,421514,2022,421514,2023,12392.36,4466.36,123.21,12902.96,6097.04,121.50,13642.18,6707.82,149.10
2022-23,Ministry of Communications,Department of Telecommunications 2020-2021 2021-2022 2022-2023,3379,2021,3274,2022,3382,2023,325.74,145.23,10.01,368.42,193.76,19.93,390.42,227.98,21.03
2022-23,"Ministry of Consumer Affairs, Food and Public Distribution",Department of Consumer Affairs,742,2021,964,2022,1012,2023,51.08,24.15,0.87,54.09,29.46,1.26,57.11,34.79,1.79
2022-23,"Ministry of Consumer Affairs, Food and Public Distribution",Department of Food and Public Distribution,703,2021,1157,2022,1160,2023,48.13,19.69,1.70,57.93,18.57,2.24,71.84,22.18,3.17
2022-23,Ministry of Corporate Affairs,Ministry of Corporate Affairs,1444,2021,3176,2022,3183,2023,100.39,41.56,7.73,108.76,55.74,5.07,114.99,64.46,7.08
2022-23,Ministry of Culture,Ministry of Culture,6792,2021,10578,2022,10630,2023,251.34,167.56,7.77,276.00,184.00,15.46,300.00,200.00,15.52
2022-23,Ministry of Defence,Ministry of Defence (Civil),75006,2021,91108,2022,92384,2023,4876.13,898.23,115.85,5972.38,1061.69,173.81,6521.81,1156.84,222.74
2022-23,Ministry of Development of North Eastern Region,Ministry of Development of North Eastern Region,134,2021,147,2022,147,2023,12.52,0.30,0.89,13.58,0.14,0.29,15.00,0.16,0.39
2022-23,Ministry of Earth Sciences,Ministry of Earth Sciences,4441,2021,7484,2022,7484,2023,283.24,128.38,2.42,300.63,164.93,4.81,311.77,199.76,5.33
2022-23,Ministry of Education,Department of School Education and Literacy,272,2021,442,2022,442,2023,23.89,6.76,0.20,23.70,6.87,0.18,31.20,9.27,0.90
2022-23,Ministry of Education,Department of Higher Education,833,2021,1163,2022,1160,2023,86.45,10.67,1.01,107.44,19.25,4.89,115.32,24.04,5.73
2022-23,Ministry of Electronics and Information Technology,Ministry of Electronics and Information Technology,4973,2021,6526,2022,6527,2023,515.44,343.63,3.51,549.72,366.48,6.73,583.92,389.28,15.20
2022-23,"Ministry of Environment, Forests and Climate Change","Ministry of Environment, Forests and Climate Change 2020-2021 2021-2022 2022-2023",2580,2021,4922,2022,4922,2023,188.17,65.46,5.56,191.79,94.67,17.55,208.81,106.89,23.47
2022-23,Ministry of External Affairs,Ministry of External Affairs,11807,2021,11906,2022,11906,2023,2053.12,132.86,138.47,2423.63,183.51,242.22,2760.03,180.42,262.30
2022-23,Ministry of Finance,Department of Economic Affairs,1045,2021,1341,2022,1343,2023,70.56,29.88,2.34,70.26,39.40,4.31,78.28,45.87,9.69
2022-23,Ministry of Finance,Department of Expenditure,1128,2021,1544,2022,1552,2023,78.69,39.96,1.43,104.18,34.61,6.50,111.84,34.34,6.97
2022-23,Ministry of Finance,Department of Financial Services,1203,2021,1351,2022,1351,2023,80.72,46.99,1.08,89.41,76.03,0.97,98.35,83.67,2.10
2022-23,Ministry of Finance,Department of Public Enterprises,78,2021,118,2022,118,2023,6.21,2.21,0.46,6.50,3.00,0.50,7.00,3.85,0.70
2022-23,Ministry of Finance,Department of Investment and Public Asset Management (DIPAM),67,2021,71,2022,131,2023,7.19,2.66,0.31,7.26,3.74,0.65,7.65,4.45,2.05
2022-23,Ministry of Finance,Department of Revenue,7119,2021,7118,2022,7118,2023,370.79,0.76,13.86,418.12,3.14,21.06,460.17,3.54,24.82
2022-23,Ministry of Finance,Direct Taxes,45421,2021,79572,2022,79572,2023,2561.31,1780.51,51.16,2967.04,2089.26,62.89,3254.39,2291.61,74.73
2022-23,Ministry of Finance,Indirect Taxes,49922,2021,92958,2022,92958,2023,3466.10,1707.18,52.78,3673.30,1977.93,81.65,4040.63,2175.72,92.50
2022-23,Ministry of Finance,Indian Audit and Accounts Department,43162,2021,45937,2022,45937,2023,3465.64,1120.20,126.99,3058.34,1546.16,181.25,3414.96,1650.00,170.66
2022-23,"Ministry of Fisheries, Animal Husbandry and Dairying",Department of Fisheries,1235,2021,1224,2022,1225,2023,36.94,16.93,1.72,39.15,17.65,2.95,45.76,20.62,5.26
2022-23,"Ministry of Fisheries, Animal Husbandry and Dairying",Department of Animal Husbandry and Dairying,2415,2021,2192,2022,2194,2023,77.66,35.01,1.25,83.18,37.50,3.83,90.54,40.81,4.21
2022-23,Ministry of Food Processing Industries,Ministry of Food Processing Industries,181,2021,181,2022,181,2023,16.58,9.65,0.39,22.00,12.50,0.94,26.25,11.20,2.55
2022-23,Ministry of Health and Family Welfare,Department of Health and Family Welfare,23210,2021,24979,2022,24979,2023,2226.89,667.87,36.89,2437.57,731.29,68.22,2723.92,817.20,87.00
2022-23,Ministry of Health and Family Welfare,Department of Health Research,25,2021,42,2022,42,2023,2.55,1.09,0.13,3.85,1.65,1.00,4.20,1.80,3.00
2022-23,Ministry of Heavy Industries,Ministry of Heavy Industries 2020-2021 2021-2022 2022-2023,143,2021,229,2022,229,2023,16.00,3.00,0.60,17.36,4.59,0.60,17.34,6.07,1.00
2022-23,Ministry of Home Affairs,Ministry of Home Affairs,19504,2021,28567,2022,28550,2023,949.28,351.10,35.44,1138.37,464.97,63.09,1173.41,552.19,81.95
2022-23,Ministry of Home Affairs,Cabinet,948,2021,1351,2022,1351,2023,87.71,32.45,48.53,105.68,43.17,47.35,105.68,43.17,84.12
2022-23,Ministry of Home Affairs,Police,1003573,2021,1132983,2022,1142480,2023,53156.64,19660.68,1766.15,56580.18,23110.21,2798.73,59400.74,27953.29,2373.25
2022-23,Ministry of Home Affairs,Andaman and Nicobar Islands,33146,2021,33146,2022,33146,2023,2525.19,671.76,29.32,1453.00,523.45,26.13,1405.75,663.78,27.53
2022-23,Ministry of Home Affairs,Chandigarh,22749,2021,24470,2022,25207,2023,744.08,1128.27,0.74,840.02,1148.49,2.74,1466.25,687.46,3.36
2022-23,Ministry of Home Affairs,Dadra and Nagar Haveli and Daman and Diu,5645,2021,6114,2022,6472,2023,301.40,96.44,1.03,300.70,126.29,4.01,300.72,156.38,3.75
2022-23,Ministry of Home Affairs,Lakshadweep,5711,2021,5771,2022,5771,2023,215.20,143.47,8.62,229.72,153.15,9.50,246.65,164.43,8.75
2022-23,Ministry of Housing and Urban Affairs,Ministry of Housing and Urban Affairs,19455,2021,19623,2022,19627,2023,1176.91,482.53,20.93,1143.85,663.43,21.76,1192.63,751.36,26.13
2022-23,Ministry of Information and Broadcasting,Ministry of Information and Broadcasting,3280,2021,5237,2022,5212,2023,216.96,93.93,4.24,240.26,107.94,7.39,256.62,126.40,8.03
2022-23,Ministry of Jal Shakti,"Department of Water Resources, River Development and Ganga Rejuvenation",8307,2021,14111,2022,14190,2023,536.45,114.00,17.06,610.49,148.49,25.00,710.30,167.93,32.19
2022-23,Ministry of Jal Shakti,Department of Drinking Water and Sanitation,110,2021,158,2022,158,2023,11.10,3.99,0.02,12.51,4.48,0.11,13.77,4.93,0.12
2022-23,Ministry of Labour and Employment,Ministry of Labour and Employment,4080,2021,6488,2022,6488,2023,381.15,16.42,9.53,416.95,17.67,11.51,458.65,16.57,15.00
2022-23,Ministry of Law and Justice,Law and Justice,1684,2021,2198,2022,2166,2023,96.95,66.98,2.14,83.92,115.88,5.96,87.17,136.34,7.14
2022-23,Ministry of Law and Justice,Election Commission,503,2021,843,2022,843,2023,32.18,16.58,0.90,37.18,19.82,2.37,38.28,24.42,3.86
2022-23,Ministry of Law and Justice,Supreme Court of India 2020-2021 2021-2022 2022-2023,2717,2021,2800,2022,2800,2023,197.86,46.26,2.16,206.41,46.26,2.00,225.23,4.16,4.15
2022-23,"Ministry of Micro, Small and Medium Enterprises","Ministry of Micro, Small and Medium Enterprises",381,2021,540,2022,540,2023,36.85,10.66,1.15,37.82,12.28,1.40,40.92,13.28,2.56
2022-23,Ministry of Mines,Ministry of Mines,6508,2021,13408,2022,13408,2023,752.82,0.19,33.92,826.08,0.01,38.72,847.00,0.02,41.52
2022-23,Ministry of Minority Affairs,Ministry of Minority Affairs,156,2021,758,2022,751,2023,16.93,4.45,0.35,18.51,5.44,2.63,52.78,15.23,15.56
2022-23,Ministry of New and Renewable Energy,Ministry of New and Renewable Energy,207,2021,325,2022,325,2023,16.07,9.84,0.48,19.86,11.34,0.56,21.00,13.32,1.00
2022-23,Ministry of Panchayati Raj,Ministry of Panchayati Raj,72,2021,128,2022,128,2023,10.12,2.87,0.13,11.97,3.40,0.81,13.77,3.91,0.75
2022-23,Ministry of Parliamentary Affairs,Ministry of Parliamentary Affairs,121,2021,150,2022,150,2023,8.20,5.48,0.35,8.73,6.65,0.80,9.04,6.67,2.50
2022-23,"Ministry of Personnel, Public Grievances and Pensions","Ministry of Personnel, Public Grievances and Pensions",8322,2021,10884,2022,10884,2023,286.50,545.91,25.45,312.66,585.32,26.51,328.47,607.40,22.67
2022-23,"Ministry of Personnel, Public Grievances and Pensions",Central Vigilance Commission,256,2021,318,2022,318,2023,26.65,,0.33,30.47,,0.53,33.01,,0.64
2022-23,Ministry of Petroleum and Natural Gas,Ministry of Petroleum and Natural Gas,216,2021,216,2022,312,2023,35.00,8.46,1.80,35.14,8.46,1.80,38.18,9.31,1.80
2022-23,Ministry of Planning,Ministry of Planning,500,2021,733,2022,733,2023,34.73,23.15,1.88,38.99,25.99,2.53,43.66,29.11,5.12
2022-23,Ministry of Power,Ministry of Power 2020-2021 2021-2022 2022-2023,1108,2021,1774,2022,1774,2023,85.06,35.20,10.21,100.43,42.53,12.47,114.07,44.03,13.69
2022-23,"The President, Parliament, Union Public Service Commission and the Secretariat of the Vice President","Staff, Household and Allowances of the President",2740,2021,3500,2022,3500,2023,17.64,8.90,0.12,17.39,6.05,0.13,18.72,7.35,0.07
2022-23,"The President, Parliament, Union Public Service Commission and the Secretariat of the Vice President",Lok Sabha,2229,2021,3072,2022,3072,2023,195.25,118.13,2.16,192.38,147.92,3.00,196.56,163.74,3.95
2022-23,"The President, Parliament, Union Public Service Commission and the Secretariat of the Vice President",Rajya Sabha,1458,2021,1700,2022,1700,2023,209.58,111.05,1.50,216.59,155.10,3.95,239.15,110.00,50.93
2022-23,"The President, Parliament, Union Public Service Commission and the Secretariat of the Vice President",Secretariat of the Vice-President,55,2021,62,2022,62,2023,2.91,1.18,,3.11,1.39,0.23,3.33,1.87,0.45
2022-23,"The President, Parliament, Union Public Service Commission and the Secretariat of the Vice President",Union Public Service Commission,1140,2021,1795,2022,1795,2023,74.48,36.75,0.26,79.85,46.10,0.30,84.16,55.34,0.90
2022-23,Ministry of Railways,Ministry of Railways,1252347,2021,1203997,2022,1201978,2023,56725.83,32830.40,1627.13,56837.06,39256.36,1646.61,58292.82,47011.12,1701.29
2022-23,Ministry of Road Transport and Highways,Ministry of Road Transport and Highways,718,2021,1041,2022,1043,2023,63.90,27.39,3.70,68.26,29.26,8.75,73.50,31.50,8.75
2022-23,Ministry of Rural Development,Department of Rural Development,397,2021,543,2022,543,2023,39.82,0.99,0.52,45.66,1.11,1.11,49.83,1.21,1.18
2022-23,Ministry of Rural Development,Department of Land Resources,72,2021,129,2022,129,2023,6.47,2.38,0.17,7.92,3.61,0.42,8.72,3.98,0.52
2022-23,Ministry of Science and Technology,Department of Science and Technology,3899,2021,12343,2022,12349,2023,248.53,115.41,11.91,260.13,128.31,11.35,231.97,135.11,14.86
2022-23,Ministry of Science and Technology,Department of Biotechnology,249,2021,254,2022,262,2023,21.61,,0.52,24.21,0.01,0.69,26.64,0.02,0.70
2022-23,Ministry of Science and Technology,Department of Scientific and Industrial Research,116,2021,116,2022,116,2023,72124.00,30911.00,1069.00,80500.00,34500.00,2000.00,94500.00,40500.00,6500.00
2022-23,"Ministry of Ports, Shipping and Waterways","Ministry of Ports, Shipping and Waterways 2020-2021 2021-2022 2022-2023",1521,2021,2068,2022,2064,2023,107.12,42.66,5.94,113.27,59.61,7.91,116.21,70.34,13.23
2022-23,Ministry of Skill Development and Entrepreneurship,Ministry of Skill Development and Entrepreneurship,1309,2021,1642,2022,1886,2023,119.46,3.42,2.52,126.31,4.63,5.38,130.21,4.64,6.70
2022-23,Ministry of Social Justice and Empowerment,Department of Social Justice and Empowerment,387,2021,656,2022,656,2023,32.65,17.58,0.93,44.30,23.86,5.08,47.28,25.46,6.30
2022-23,Ministry of Social Justice and Empowerment,Department of Empowerment of Persons with Disabilities,91,2021,159,2022,194,2023,7.44,4.33,0.62,10.56,5.92,0.85,13.78,4.78,2.50
2022-23,Deparment of Space,Department of Space,16021,2021,16777,2022,16908,2023,1413.32,906.86,17.57,1587.44,1338.74,26.13,1675.65,1273.55,57.41
2022-23,Ministry of Statistics and Programme Implementation,Ministry of Statistics and Programme Implementation,3999,2021,6155,2022,6155,2023,457.77,196.18,3.58,485.32,208.00,9.09,527.30,225.98,9.15
2022-23,Ministry of Steel,Ministry of Steel,217,2021,274,2022,274,2023,15.05,7.57,0.57,17.48,9.02,2.15,19.78,10.22,2.20
2022-23,Ministry of Textiles,Ministry of Textiles,4653,2021,4289,2022,4289,2023,187.62,2.54,6.05,205.52,4.32,11.19,212.67,4.36,12.49
2022-23,Ministry of Tourism,Ministry of Tourism,433,2021,578,2022,578,2023,19.19,9.59,1.74,29.47,14.73,4.22,31.95,15.98,5.43
2022-23,Ministry of Tribal Affairs,Ministry of Tribal Affairs,164,2021,244,2022,244,2023,14.90,6.70,1.06,17.10,6.90,1.45,20.80,8.45,2.40
2022-23,Ministry of Women and Child Development,Ministry of Women and Child Development,376,2021,715,2022,715,2023,23.41,9.67,0.85,32.17,15.39,1.47,40.06,21.39,2.33
2022-23,Ministry of Youth Affairs and Sports,Ministry of Youth Affairs and Sports 2020-2021 2021-2022 2022-2023,296,2021,411,2022,421,2023,21.12,9.76,0.67,24.79,10.86,1.46,26.07,10.73,2.48
2022-23,Ministry of Cooperation,Ministry of Cooperation,0,2021,91,2022,198,2023,,,,,,,20.06,13.94,11.00
2022-23,GRAND TOTAL,GRAND TOTAL,3180400,2021,3453447,2022,3465274,2023,230763.95,103052.19,5557.57,245511.07,121185.73,8003.99,268288.40,141497.36,12548.44
2023-24,Ministry of Agriculture and Farmers Welfare,Department of Agriculture and Farmers Welfare,5755,2022,5708,2023,5708,2024,241.72,98.74,11.65,237.31,139.36,23.62,304.69,158.71,20.20
2023-24,Ministry of Agriculture and Farmers Welfare,Department of Agricultural Research and Education,30,2022,28,2023,26,2024,3.30,1.44,0.29,3.47,1.52,0.31,3.70,1.60,0.33
2023-24,Department of Atomic Energy,Atomic Energy,37964,2022,36962,2023,37207,2024,2337.15,2097.37,27.83,2373.01,2569.49,51.93,2564.38,2738.37,59.53
2023-24,Ministry of AYUSH,Ministry of Ayush,166,2022,527,2023,527,2024,14.16,9.44,0.80,17.10,11.40,3.00,18.33,13.59,4.31
2023-24,Ministry of Chemicals and Fertilisers,Department of Chemicals and Petrochemicals,205,2022,275,2023,275,2024,14.11,4.15,0.43,14.41,5.49,0.76,15.18,6.70,0.92
2023-24,Ministry of Chemicals and Fertilisers,Department of Fertilisers,156,2022,171,2023,188,2024,18.32,,0.15,21.73,0.01,0.70,18.90,5.00,0.77
2023-24,Ministry of Chemicals and Fertilisers,Department of Pharmaceuticals,97,2022,203,2023,198,2024,13.82,15.39,0.23,16.50,19.09,0.80,18.48,20.67,0.85
2023-24,Ministry of Civil Aviation,Ministry of Civil Aviation,1569,2022,2787,2023,2787,2024,120.97,43.56,6.57,140.85,46.15,14.96,154.33,95.67,15.74
2023-24,Ministry of Coal,Ministry of Coal,243,2022,400,2023,400,2024,18.43,10.26,0.58,19.46,14.71,1.78,19.99,14.98,1.92
2023-24,Ministry of Commerce and Industry,Department of Commerce,2782,2022,5260,2023,5260,2024,272.92,150.10,12.56,282.60,183.69,28.53,280.35,215.14,30.28
2023-24,Ministry of Commerce and Industry,Department for Promotion of Industry and Internal Trade,2540,2022,3501,2023,3485,2024,205.53,88.08,2.21,222.25,95.25,8.47,242.90,104.10,10.01
2023-24,Ministry of Communications,Department of Posts  MàQNQDR 2021-2022 2022-2023 2023-2024,403678,2022,421514,2023,424350,2024,12392.36,5417.99,118.55,14116.95,6953.12,123.44,15807.91,7611.21,131.50
2023-24,Ministry of Communications,Department of Telecommunications,3681,2022,3650,2023,3635,2024,333.79,194.60,13.33,397.26,277.36,35.89,470.74,235.29,52.54
2023-24,"Ministry of Consumer Affairs, Food and Public Distribution",Department of Consumer Affairs,867,2022,962,2023,1023,2024,47.27,32.17,1.08,53.36,37.85,1.72,58.63,43.53,1.57
2023-24,"Ministry of Consumer Affairs, Food and Public Distribution",Department of Food and Public Distribution,897,2022,1156,2023,1137,2024,53.08,17.58,1.19,61.72,22.51,3.08,56.69,39.37,3.14
2023-24,Ministry of Corporate Affairs,Ministry of Corporate Affairs,1441,2022,3057,2023,3112,2024,102.02,48.52,8.33,107.01,70.36,9.16,107.19,80.13,10.23
2023-24,Ministry of Culture,Ministry of Culture,7057,2022,11390,2023,11399,2024,260.48,173.66,13.74,285.58,190.38,19.30,325.61,178.33,19.49
2023-24,Ministry of Defence,Ministry of Defence (Civil),73377,2022,86567,2023,88788,2024,5957.57,1035.59,139.77,7266.26,1239.54,243.56,7795.75,1361.13,289.93
2023-24,Ministry of Development of North Eastern Region,Ministry of Development of North Eastern Region,294,2022,300,2023,315,2024,21.62,4.74,0.46,24.33,5.65,1.25,23.88,6.69,1.30
2023-24,Ministry of Earth Sciences,Ministry of Earth Sciences,4318,2022,7489,2023,7489,2024,290.07,143.13,3.96,304.06,174.47,5.11,297.50,208.10,4.43
2023-24,Ministry of Education,Department of School Education and Literacy,220,2022,420,2023,420,2024,17.86,9.90,0.22,21.64,11.42,0.83,22.41,11.86,0.93
2023-24,Ministry of Education,Department of Higher Education  MàQNQDR 2021-2022 2022-2023 2023-2024,830,2022,1389,2023,1389,2024,65.99,38.82,1.31,86.01,53.35,5.93,83.77,56.31,7.76
2023-24,Ministry of Electronics and Information Technology,Ministry of Electronics and Information Technology,4954,2022,6512,2023,6512,2024,536.43,357.64,4.52,616.02,410.81,11.41,661.65,392.40,22.35
2023-24,"Ministry of Environment, Forests and Climate Change","Ministry of Environment, Forests and Climate Change",2603,2022,4685,2023,4685,2024,206.40,64.06,16.22,230.75,82.57,27.29,206.63,110.64,44.61
2023-24,Ministry of External Affairs,Ministry of External Affairs,9477,2022,9957,2023,12352,2024,2179.66,147.71,224.11,2486.30,168.19,297.37,1254.11,1656.39,258.16
2023-24,Ministry of Finance,Department of Economic Affairs,876,2022,1199,2023,1199,2024,59.49,43.28,1.93,74.27,48.66,18.40,80.70,55.99,23.53
2023-24,Ministry of Finance,Department of Expenditure,1135,2022,1672,2023,1683,2024,88.13,40.13,1.70,103.92,46.02,5.25,116.13,51.80,6.48
2023-24,Ministry of Finance,Department of Financial Services,1253,2022,1505,2023,1505,2024,107.58,60.39,1.29,130.00,72.80,1.91,90.37,76.56,2.29
2023-24,Ministry of Finance,Department of Public Enterprises,76,2022,116,2023,116,2024,5.36,4.46,0.01,6.03,4.52,0.30,6.80,5.02,0.20
2023-24,Ministry of Finance,Department of Investment and Public Asset Management (DIPAM),69,2022,87,2023,130,2024,7.40,3.74,0.51,8.21,5.79,1.40,8.75,5.00,2.05
2023-24,Ministry of Finance,Department of Revenue,4101,2022,7076,2023,7076,2024,403.15,,14.91,469.92,,28.08,304.12,222.47,30.46
2023-24,Ministry of Finance,Direct Taxes,51876,2022,78705,2023,78705,2024,3555.75,1185.29,52.07,4012.50,1337.60,67.13,3335.49,2515.50,76.00
2023-24,Ministry of Finance,Indirect Taxes,49229,2022,92650,2023,92650,2024,3601.55,1939.20,82.90,4040.82,2175.53,93.89,4238.91,2723.40,87.82
2023-24,Ministry of Finance,Indian Audit and Accounts Department  MàQNQDR 2021-2022 2022-2023 2023-2024,41621,2022,69824,2023,69824,2024,2918.55,1653.22,166.12,3198.11,1774.31,250.75,3062.84,2180.67,235.59
2023-24,"Ministry of Fisheries, Animal Husbandry and Dairying",Department of Fisheries,616,2022,1270,2023,1270,2024,38.35,16.44,2.18,44.91,19.24,3.79,32.44,35.15,4.28
2023-24,"Ministry of Fisheries, Animal Husbandry and Dairying",Department of Animal Husbandry and Dairying,1126,2022,2506,2023,2506,2024,50.78,21.76,0.95,55.91,23.96,3.37,48.44,36.20,4.33
2023-24,Ministry of Food Processing Industries,Ministry of Food Processing Industries,181,2022,177,2023,177,2024,18.31,11.11,0.39,26.25,15.27,1.02,15.40,18.93,2.53
2023-24,Ministry of Health and Family Welfare,Department of Health and Family Welfare,18316,2022,24979,2023,27427,2024,1961.20,1056.04,13.13,2356.41,1268.84,35.99,2443.51,1422.08,40.99
2023-24,Ministry of Health and Family Welfare,Department of Health Research,29,2022,42,2023,42,2024,2.76,1.19,0.11,4.20,1.80,1.00,5.60,2.40,3.00
2023-24,Ministry of Heavy Industries,Ministry of Heavy Industries,140,2022,140,2023,143,2024,12.90,7.26,0.39,13.50,9.91,1.70,14.80,10.65,1.90
2023-24,Ministry of Home Affairs,Ministry of Home Affairs,19690,2022,31266,2023,31266,2024,913.15,608.76,85.06,1048.02,698.68,67.52,1144.16,800.69,65.54
2023-24,Ministry of Home Affairs,Cabinet,959,2022,1347,2023,1347,2024,83.18,55.45,28.56,95.56,63.04,84.15,93.12,76.36,85.05
2023-24,Ministry of Home Affairs,Police,1028022,2022,1123678,2023,1117785,2024,47110.78,31407.19,2851.38,53982.64,35988.42,3114.62,51632.00,41423.27,3096.99
2023-24,Ministry of Home Affairs,Andaman and Nicobar Islands,33163,2022,33163,2023,33163,2024,1427.20,667.00,25.13,1623.20,823.89,28.96,1587.82,897.61,28.50
2023-24,Ministry of Home Affairs,Chandigarh,22251,2022,22018,2023,23716,2024,1267.80,722.37,1.27,1722.89,925.47,2.57,1514.46,990.48,3.82
2023-24,Ministry of Home Affairs,Dadra and Nagar Haveli and Daman and Diu,5645,2022,6114,2023,6472,2024,300.02,122.81,3.30,300.72,156.38,3.60,296.00,174.00,3.72
2023-24,Ministry of Home Affairs,Lakshadweep  MàQNQDR 2021-2022 2022-2023 2023-2024,5679,2022,5679,2023,5679,2024,213.90,175.00,7.99,246.65,164.43,8.75,218.19,184.47,7.78
2023-24,Ministry of Housing and Urban Affairs,Ministry of Housing and Urban Affairs,20342,2022,20212,2023,20205,2024,1061.57,615.72,17.59,1106.35,719.13,24.45,1120.48,806.74,27.43
2023-24,Ministry of Information and Broadcasting,Ministry of Information and Broadcasting,3138,2022,4550,2023,4550,2024,208.68,114.11,5.73,246.15,132.54,9.08,208.04,156.96,6.67
2023-24,Ministry of Jal Shakti,"Department of Water Resources, River Development and Ganga Rejuvenation",13272,2022,14600,2023,14615,2024,777.28,119.54,34.88,840.94,176.79,39.09,851.55,173.20,40.08
2023-24,Ministry of Jal Shakti,Department of Drinking Water and Sanitation,109,2022,161,2023,161,2024,10.83,5.82,0.04,13.77,4.93,0.12,10.50,9.00,0.15
2023-24,Ministry of Labour and Employment,Ministry of Labour and Employment,3748,2022,6488,2023,6499,2024,396.33,18.83,7.41,458.65,17.98,17.33,301.89,229.55,18.27
2023-24,Ministry of Law and Justice,Law and Justice,1298,2022,2027,2023,2027,2024,111.27,63.43,3.39,141.70,86.45,7.15,151.00,100.00,6.82
2023-24,Ministry of Law and Justice,Election Commission,591,2022,855,2023,855,2024,34.57,21.89,1.36,42.02,20.68,2.60,35.11,35.11,4.24
2023-24,Ministry of Law and Justice,Supreme Court of India,2065,2022,2672,2023,2672,2024,166.87,101.87,1.12,189.69,115.41,4.12,202.13,122.97,5.79
2023-24,"Ministry of Micro, Small and Medium Enterprises","Ministry of Micro, Small and Medium Enterprises",1343,2022,3090,2023,3090,2024,145.61,22.32,2.11,156.28,33.56,6.06,171.45,36.81,7.20
2023-24,Ministry of Mines,Ministry of Mines  MàQNQDR 2021-2022 2022-2023 2023-2024,6692,2022,13372,2023,13372,2024,514.49,306.80,37.82,554.09,329.89,42.37,518.62,350.90,44.15
2023-24,Ministry of Minority Affairs,Ministry of Minority Affairs,123,2022,277,2023,277,2024,16.50,5.00,0.11,43.86,10.00,12.51,63.83,12.00,13.15
2023-24,Ministry of New and Renewable Energy,Ministry of New and Renewable Energy,210,2022,328,2023,328,2024,17.50,8.38,0.31,20.70,13.62,0.70,22.00,13.32,0.80
2023-24,Ministry of Panchayati Raj,Ministry of Panchayati Raj,83,2022,141,2023,141,2024,7.38,4.00,0.27,8.95,4.82,1.03,8.85,6.57,0.63
2023-24,Ministry of Parliamentary Affairs,Ministry of Parliamentary Affairs,121,2022,148,2023,148,2024,8.77,6.64,0.60,8.98,6.43,1.70,8.50,7.11,2.20
2023-24,"Ministry of Personnel, Public Grievances and Pensions","Ministry of Personnel, Public Grievances and Pensions",8133,2022,10953,2023,10974,2024,312.94,567.16,26.87,338.14,605.70,42.91,606.60,440.10,38.55
2023-24,"Ministry of Personnel, Public Grievances and Pensions",Central Vigilance Commission,253,2022,321,2023,321,2024,30.05,0.44,0.55,33.01,0.40,0.64,20.65,12.11,1.24
2023-24,Ministry of Petroleum and Natural Gas,Ministry of Petroleum and Natural Gas,267,2022,341,2023,341,2024,27.28,8.95,0.64,38.18,9.18,1.89,42.00,9.08,1.80
2023-24,Ministry of Planning,Ministry of Planning,537,2022,731,2023,731,2024,41.61,22.41,1.39,47.30,25.47,5.12,55.39,20.97,7.74
2023-24,Ministry of Power,Ministry of Power  MàQNQDR 2021-2022 2022-2023 2023-2024,1583,2022,1582,2023,1570,2024,102.19,55.69,1.33,104.97,75.73,3.42,117.96,86.34,4.44
2023-24,"The President, Parliament, Union Public Service Commission and the Secretariat of the Vice President","Staff, Household and Allowances of the President",538,2022,630,2023,629,2024,30.39,9.32,0.08,34.46,10.03,0.05,40.03,10.24,0.02
2023-24,"The President, Parliament, Union Public Service Commission and the Secretariat of the Vice President",Lok Sabha,2318,2022,3350,2023,3350,2024,208.86,115.64,1.27,212.93,144.07,4.45,196.96,175.84,4.45
2023-24,"The President, Parliament, Union Public Service Commission and the Secretariat of the Vice President",Rajya Sabha,1404,2022,1626,2023,1791,2024,117.48,80.48,32.23,140.77,101.39,41.65,170.93,81.48,46.14
2023-24,"The President, Parliament, Union Public Service Commission and the Secretariat of the Vice President",Secretariat of the Vice-President,51,2022,62,2023,62,2024,2.99,1.49,0.04,3.00,2.20,0.25,3.24,2.26,0.52
2023-24,"The President, Parliament, Union Public Service Commission and the Secretariat of the Vice President",Union Public Service Commission,1285,2022,1750,2023,1749,2024,77.19,48.76,0.22,83.65,53.55,0.75,89.64,58.40,0.90
2023-24,Ministry of Railways,Ministry of Railways,1212882,2022,1187243,2023,1289365,2024,56878.67,40514.10,1828.67,57214.22,47965.69,1986.58,58585.11,51637.08,2067.87
2023-24,Ministry of Road Transport and Highways,Ministry of Road Transport and Highways,837,2022,1137,2023,1137,2024,58.57,38.00,3.27,63.00,42.00,8.75,66.48,46.52,9.87
2023-24,Ministry of Rural Development,Department of Rural Development,405,2022,616,2023,616,2024,28.40,16.42,0.47,48.83,1.00,2.49,30.90,24.26,6.77
2023-24,Ministry of Rural Development,Department of Land Resources,79,2022,129,2023,129,2024,6.93,3.34,0.12,8.10,4.50,0.42,8.91,4.95,0.42
2023-24,Ministry of Science and Technology,Department of Science and Technology,4216,2022,12230,2023,12265,2024,234.18,140.00,9.02,228.30,170.11,13.55,239.17,166.18,14.50
2023-24,Ministry of Science and Technology,Department of Biotechnology,165,2022,166,2023,163,2024,22.40,0.34,0.40,26.64,,2.75,17.50,11.58,3.15
2023-24,Ministry of Science and Technology,Department of Scientific and Industrial Research  MàQNQDR 2021-2022 2022-2023 2023-2024,69,2022,116,2023,116,2024,7.93,3.40,0.02,9.45,4.05,0.48,10.06,4.79,0.53
2023-24,"Ministry of Ports, Shipping and Waterways","Ministry of Ports, Shipping and Waterways",1470,2022,1998,2023,1995,2024,100.76,52.14,5.34,112.37,62.43,11.88,107.76,73.22,17.22
2023-24,Ministry of Skill Development and Entrepreneurship,Ministry of Skill Development and Entrepreneurship,1654,2022,1952,2023,1969,2024,124.81,7.39,3.42,129.38,9.67,1.76,94.54,50.40,9.99
2023-24,Ministry of Social Justice and Empowerment,Department of Social Justice and Empowerment,406,2022,510,2023,567,2024,32.35,18.45,1.78,36.08,23.13,4.70,43.24,30.75,5.25
2023-24,Ministry of Social Justice and Empowerment,Department of Empowerment of Persons with Disabilities,149,2022,149,2023,149,2024,7.97,4.29,0.27,10.03,5.40,0.43,13.32,9.79,2.50
2023-24,Deparment of Space,Department of Space,16021,2022,16777,2023,16908,2024,1580.80,1235.99,22.18,1643.83,1325.76,54.40,1640.63,956.86,59.60
2023-24,Ministry of Statistics and Programme Implementation,Ministry of Statistics and Programme Implementation,4104,2022,6098,2023,6098,2024,292.12,125.20,22.48,344.42,147.61,33.14,342.39,196.43,45.15
2023-24,Ministry of Steel,Ministry of Steel,231,2022,279,2023,279,2024,16.07,9.00,0.77,17.45,11.55,1.95,17.59,13.51,2.25
2023-24,Ministry of Textiles,Ministry of Textiles,4238,2022,4289,2023,4289,2024,189.01,2.79,6.50,213.24,5.05,14.01,147.10,85.76,12.86
2023-24,Ministry of Tourism,Ministry of Tourism  MàQNQDR 2021-2022 2022-2023 2023-2024,433,2022,344,2023,583,2024,20.78,17.01,1.97,24.15,19.77,4.64,23.64,17.21,4.18
2023-24,Ministry of Tribal Affairs,Ministry of Tribal Affairs,204,2022,209,2023,219,2024,14.15,8.58,0.84,15.11,9.34,1.90,16.00,11.58,2.55
2023-24,Ministry of Women and Child Development,Ministry of Women and Child Development,384,2022,696,2023,696,2024,29.38,14.23,1.36,35.97,20.12,3.54,40.44,21.71,4.84
2023-24,Ministry of Youth Affairs and Sports,Ministry of Youth Affairs and Sports,269,2022,356,2023,361,2024,21.03,10.75,0.79,25.05,12.55,2.43,26.55,13.92,2.65
2023-24,Ministry of Cooperation,Ministry of Cooperation,64,2022,190,2023,190,2024,,,,10.00,0.50,0.01,18.00,2.00,0.50
2023-24,GRAND TOTAL,GRAND TOTAL,3169038,2022,3445834,2023,3555100,2024,153967.26,94552.84,6038.40,168054.74,110948.48,7163.60,167610.43,125610.17,7361.68
2024-25,Ministry of Agriculture and Farmers Welfare,Department of Agriculture and Farmers Welfare,5708,2023,5662,2024,5662,2025,220.00,149.52,26.94,223.07,173.57,23.89,246.20,197.16,27.81
2024-25,Ministry of Agriculture and Farmers Welfare,Department of Agricultural Research and Education,28,2023,30,2024,30,2025,3.30,2.71,0.30,3.80,3.05,0.65,3.90,3.28,0.80
2024-25,Department of Atomic Energy,Atomic Energy,28542,2023,37250,2024,37929,2025,2398.05,2190.94,48.75,2433.58,1737.36,57.44,2506.59,1774.51,61.24
2024-25,Ministry of AYUSH,Ministry of Ayush,179,2023,528,2024,528,2025,16.32,10.88,2.94,16.13,14.17,3.45,16.61,14.27,4.75
2024-25,Ministry of Chemicals and Fertilisers,Department of Chemicals and Petrochemicals,209,2023,267,2024,268,2025,11.03,8.63,0.69,13.54,8.70,1.22,13.23,9.52,1.27
2024-25,Ministry of Chemicals and Fertilisers,Department of Fertilisers,195,2023,273,2024,273,2025,25.26,,0.87,17.24,12.58,1.00,17.50,13.00,1.38
2024-25,Ministry of Civil Aviation,Ministry of Civil Aviation,1408,2023,2691,2024,2691,2025,122.82,62.06,16.40,109.45,82.97,27.44,112.73,88.78,27.92
2024-25,Ministry of Coal,Ministry of Coal,229,2023,319,2024,338,2025,15.76,12.82,1.51,18.18,12.30,2.08,18.38,14.00,2.32
2024-25,Ministry of Commerce and Industry,Department of Commerce,4132,2023,4123,2024,4123,2025,280.84,168.51,25.05,244.15,187.84,30.66,255.20,195.14,28.32
2024-25,Ministry of Commerce and Industry,Department for Promotion of Industry and Internal Trade,2300,2023,3745,2024,4023,2025,184.30,130.85,8.43,183.97,138.87,12.26,189.49,148.59,9.95
2024-25,Ministry of Communications,Department of Posts,417114,2023,424350,2024,431015,2025,9938.36,9160.67,133.86,8743.31,10650.00,259.60,9005.61,11999.35,217.04
2024-25,Ministry of Communications,Department of Telecommunications  MàQNQDR 2022-2023 2023-2024 2024-2025,3482,2023,3512,2024,3548,2025,341.67,242.46,28.13,403.93,222.29,34.18,431.02,268.98,35.89
2024-25,"Ministry of Consumer Affairs, Food and Public Distribution",Department of Consumer Affairs,748,2023,1267,2024,1267,2025,25.65,59.85,1.76,50.08,37.88,2.81,51.58,40.53,3.19
2024-25,"Ministry of Consumer Affairs, Food and Public Distribution",Department of Food and Public Distribution,696,2023,927,2024,931,2025,76.26,0.29,3.28,50.82,38.61,3.49,46.87,35.79,3.94
2024-25,Ministry of Corporate Affairs,Ministry of Corporate Affairs,1380,2023,2535,2024,2690,2025,108.74,66.16,6.33,96.43,73.57,8.19,99.32,78.72,7.82
2024-25,Ministry of Culture,Ministry of Culture,7257,2023,10850,2024,10885,2025,275.60,183.74,17.24,303.71,203.11,20.69,338.31,217.36,27.68
2024-25,Ministry of Defence,Ministry of Defence (Civil),73377,2023,86567,2024,88788,2025,5957.57,1035.59,139.77,7266.26,1239.54,243.56,7795.75,1361.13,289.93
2024-25,Ministry of Development of North Eastern Region,Ministry of Development of North Eastern Region,95,2023,147,2024,147,2025,15.77,0.13,0.36,11.07,5.32,0.50,12.27,5.83,0.55
2024-25,Ministry of Earth Sciences,Ministry of Earth Sciences,3962,2023,7509,2024,7509,2025,285.67,172.94,4.74,310.00,220.00,12.85,335.00,215.00,9.14
2024-25,Ministry of Education,Department of School Education and Literacy,215,2023,314,2024,302,2025,17.15,12.31,0.53,20.12,13.99,0.70,21.69,15.04,1.03
2024-25,Ministry of Education,Department of Higher Education,799,2023,1178,2024,1180,2025,69.01,45.58,3.60,72.70,50.00,7.14,51.62,39.48,8.00
2024-25,Ministry of Electronics and Information Technology,Ministry of Electronics and Information Technology,5006,2023,6467,2024,6950,2025,595.51,397.01,12.51,589.57,428.17,28.35,615.50,468.64,29.15
2024-25,"Ministry of Environment, Forests and Climate Change","Ministry of Environment, Forests and Climate Change  MàQNQDR 2022-2023 2023-2024 2024-2025",2804,2023,5035,2024,5133,2025,302.03,120.81,17.22,191.81,141.37,23.28,198.59,154.08,46.05
2024-25,Ministry of External Affairs,Ministry of External Affairs,9957,2023,12352,2024,12361,2025,2496.64,143.54,311.71,1081.51,1810.40,327.37,1113.02,1928.74,290.36
2024-25,Ministry of Finance,Department of Economic Affairs,900,2023,1306,2024,1306,2025,68.69,46.46,7.41,75.07,53.92,22.70,76.98,57.35,16.41
2024-25,Ministry of Finance,Department of Expenditure,965,2023,1654,2024,1657,2025,93.21,47.85,3.22,86.00,67.86,6.21,90.00,73.14,6.59
2024-25,Ministry of Finance,Department of Financial Services,1280,2023,1509,2024,1509,2025,71.22,48.98,1.81,75.00,56.00,2.83,78.00,60.00,2.68
2024-25,Ministry of Finance,Department of Public Enterprises,81,2023,115,2024,115,2025,6.05,4.29,0.29,6.21,4.48,0.29,6.40,4.79,0.35
2024-25,Ministry of Finance,Department of Investment and Public Asset Management (DIPAM),69,2023,95,2024,137,2025,9.51,3.30,0.91,8.02,5.46,2.25,8.26,5.84,2.10
2024-25,Ministry of Finance,Department of Revenue,4450,2023,7139,2024,8220,2025,456.48,,26.21,280.03,231.53,33.97,312.42,278.36,34.00
2024-25,Ministry of Finance,Direct Taxes,49129,2023,79304,2024,79304,2025,5215.38,0.02,64.21,3335.49,2456.99,76.49,3560.00,2650.00,76.50
2024-25,Ministry of Finance,Indirect Taxes,53106,2023,92718,2024,92718,2025,3488.00,2630.24,102.58,3800.00,2825.00,100.30,3914.00,3025.00,98.50
2024-25,Ministry of Finance,Indian Audit and Accounts Department,40012,2023,48060,2024,48060,2025,2919.09,2039.14,281.91,2924.09,2160.27,318.37,2962.21,2311.99,274.80
2024-25,"Ministry of Fisheries, Animal Husbandry and Dairying",Department of Fisheries,616,2023,1263,2024,1263,2025,34.94,26.36,2.99,41.16,31.51,3.78,45.44,31.80,4.22
2024-25,"Ministry of Fisheries, Animal Husbandry and Dairying",Department of Animal Husbandry and Dairying,987,2023,2165,2024,2190,2025,43.33,32.69,2.21,47.34,36.49,4.06,47.08,35.93,3.88
2024-25,Ministry of Food Processing Industries,Ministry of Food Processing Industries,177,2023,118,2024,177,2025,20.43,14.12,1.01,15.14,10.63,2.53,15.59,11.37,2.64
2024-25,Ministry of Health and Family Welfare,Department of Health and Family Welfare,20425,2023,25845,2024,28642,2025,2018.28,1345.52,28.79,2068.35,1711.95,32.83,2254.42,1920.70,53.36
2024-25,Ministry of Health and Family Welfare,Department of Health Research,27,2023,61,2024,61,2025,3.39,1.63,0.28,3.00,1.95,1.45,3.20,2.05,2.51
2024-25,Ministry of Heavy Industries,Ministry of Heavy Industries  MàQNQDR 2022-2023 2023-2024 2024-2025,142,2023,158,2024,158,2025,11.22,10.08,1.14,13.15,9.59,1.96,13.54,10.26,1.70
2024-25,Ministry of Home Affairs,Ministry of Home Affairs,20176,2023,29957,2024,29281,2025,963.51,788.33,62.39,1021.45,903.88,113.68,1062.98,950.69,65.48
2024-25,Ministry of Home Affairs,Cabinet,974,2023,1501,2024,1501,2025,86.87,70.91,49.85,93.84,78.30,62.95,97.50,83.90,64.10
2024-25,Ministry of Home Affairs,Police,1045041,2023,1163351,2024,1173166,2025,47340.07,38732.79,2941.63,48294.00,44203.00,3060.54,53122.44,53257.40,3560.16
2024-25,Ministry of Home Affairs,Andaman and Nicobar Islands,33107,2023,33107,2024,33107,2025,1431.47,635.91,28.59,1438.37,746.28,31.36,1456.11,911.58,29.70
2024-25,Ministry of Home Affairs,Chandigarh,21945,2023,22876,2024,23031,2025,1747.90,900.44,2.10,1709.75,1065.31,4.16,1641.41,1051.74,4.39
2024-25,Ministry of Home Affairs,Dadra and Nagar Haveli and Daman and Diu,5645,2023,6472,2024,6532,2025,290.00,160.36,3.79,296.00,174.00,3.87,327.04,208.41,3.51
2024-25,Ministry of Home Affairs,Lakshadweep,5771,2023,5771,2024,5771,2025,239.44,159.63,8.58,218.19,182.13,10.12,219.36,195.42,11.32
2024-25,Ministry of Housing and Urban Affairs,Ministry of Housing and Urban Affairs,20295,2023,20043,2024,20038,2025,1037.10,674.09,25.76,988.42,703.30,28.09,1018.10,752.53,32.58
2024-25,Ministry of Information and Broadcasting,Ministry of Information and Broadcasting,3183,2023,3402,2024,3464,2025,202.89,140.62,9.05,210.00,162.01,8.10,217.00,173.50,6.47
2024-25,Ministry of Jal Shakti,"Department of Water Resources, River Development and Ganga Rejuvenation",8225,2023,13584,2024,13673,2025,710.60,111.10,11.87,549.18,377.04,18.19,528.24,346.35,64.62
2024-25,Ministry of Jal Shakti,Department of Drinking Water and Sanitation,158,2023,157,2024,157,2025,13.80,4.95,0.14,12.00,9.00,0.21,15.00,10.00,0.15
2024-25,Ministry of Labour and Employment,Ministry of Labour and Employment,6600,2023,6605,2024,6605,2025,423.87,0.01,12.76,283.70,196.61,15.29,280.28,199.48,15.46
2024-25,Ministry of Law and Justice,Law and Justice,1413,2023,1757,2024,1761,2025,113.07,87.36,4.56,122.67,94.82,5.12,125.34,100.97,4.98
2024-25,Ministry of Law and Justice,Election Commission,561,2023,855,2024,855,2025,40.33,25.59,2.68,40.02,31.02,7.35,41.22,34.85,6.32
2024-25,Ministry of Law and Justice,Supreme Court of India  MàQNQDR 2022-2023 2023-2024 2024-2025,2166,2023,2723,2024,2723,2025,184.72,113.22,4.84,195.00,134.00,9.35,194.79,138.96,8.50
2024-25,"Ministry of Micro, Small and Medium Enterprises","Ministry of Micro, Small and Medium Enterprises",1308,2023,3101,2024,3111,2025,86.08,61.23,4.65,101.00,72.00,7.85,112.00,74.00,7.25
2024-25,Ministry of Mines,Ministry of Mines,6756,2023,11085,2024,11112,2025,511.92,367.86,42.19,541.72,414.63,46.83,598.56,474.89,40.19
2024-25,Ministry of Minority Affairs,Ministry of Minority Affairs,125,2023,277,2024,277,2025,28.31,19.53,7.38,30.11,35.62,10.05,31.01,50.65,6.86
2024-25,Ministry of New and Renewable Energy,Ministry of New and Renewable Energy,184,2023,304,2024,302,2025,28.31,9.56,1.60,20.00,14.12,1.80,24.30,17.60,42.50
2024-25,Ministry of Panchayati Raj,Ministry of Panchayati Raj,79,2023,141,2024,141,2025,7.83,5.23,0.96,8.17,5.50,1.18,10.02,5.59,1.30
2024-25,Ministry of Parliamentary Affairs,Ministry of Parliamentary Affairs,132,2023,147,2024,150,2025,9.06,6.34,0.81,8.50,6.52,2.37,8.76,6.98,2.90
2024-25,"Ministry of Personnel, Public Grievances and Pensions","Ministry of Personnel, Public Grievances and Pensions",8024,2023,10813,2024,10823,2025,503.24,438.00,47.51,550.00,480.00,40.89,580.00,520.00,27.28
2024-25,"Ministry of Personnel, Public Grievances and Pensions",Central Vigilance Commission,252,2023,318,2024,318,2025,32.98,,1.04,20.65,16.00,0.85,21.50,17.00,0.85
2024-25,Ministry of Petroleum and Natural Gas,Ministry of Petroleum and Natural Gas,214,2023,311,2024,311,2025,18.06,11.68,2.58,18.67,13.91,5.59,18.67,18.57,2.80
2024-25,Ministry of Planning,Ministry of Planning,538,2023,731,2024,731,2025,64.02,22.35,4.59,44.59,26.67,10.67,45.94,28.55,11.80
2024-25,Ministry of Power,Ministry of Power  MàQNQDR 2022-2023 2023-2024 2024-2025,1050,2023,1710,2024,1710,2025,93.60,55.39,2.54,94.66,71.05,4.42,100.18,79.09,5.14
2024-25,"The President, Parliament, Union Public Service Commission and the Secretariat of the Vice President","Staff, Household and Allowances of the President",538,2023,621,2024,604,2025,27.12,16.27,0.11,29.11,18.77,0.36,30.54,21.97,0.36
2024-25,"The President, Parliament, Union Public Service Commission and the Secretariat of the Vice President",Lok Sabha,2322,2023,3054,2024,3054,2025,195.58,153.06,2.90,191.00,172.00,4.00,197.05,182.00,4.45
2024-25,"The President, Parliament, Union Public Service Commission and the Secretariat of the Vice President",Rajya Sabha,1479,2023,1822,2024,1822,2025,139.00,138.99,37.76,144.72,147.90,38.97,149.06,158.25,36.57
2024-25,"The President, Parliament, Union Public Service Commission and the Secretariat of the Vice President",Secretariat of the Vice-President,51,2023,62,2024,62,2025,2.85,2.06,0.03,3.25,2.17,0.28,3.60,2.75,0.60
2024-25,"The President, Parliament, Union Public Service Commission and the Secretariat of the Vice President",Union Public Service Commission,1199,2023,1727,2024,1726,2025,76.23,59.87,0.82,78.30,57.81,1.53,80.65,61.86,1.30
2024-25,Ministry of Railways,Ministry of Railways,1189615,2023,1289365,2024,1217300,2025,56884.34,47734.99,2025.31,58799.85,55431.77,2363.11,60157.28,62187.33,2532.69
2024-25,Ministry of Road Transport and Highways,Ministry of Road Transport and Highways,854,2023,1165,2024,1165,2025,62.78,41.85,6.88,63.21,46.29,9.17,65.11,49.53,10.60
2024-25,Ministry of Rural Development,Department of Rural Development,379,2023,417,2024,450,2025,27.43,22.43,1.81,32.20,23.25,2.15,34.75,25.40,2.35
2024-25,Ministry of Rural Development,Department of Land Resources,80,2023,129,2024,129,2025,6.69,3.96,0.38,7.00,4.71,0.42,7.21,5.04,0.37
2024-25,Ministry of Science and Technology,Department of Science and Technology,3923,2023,5576,2024,5572,2025,236.46,156.21,12.95,235.91,168.90,13.45,238.17,169.85,13.26
2024-25,Ministry of Science and Technology,Department of Biotechnology,161,2023,250,2024,250,2025,16.40,8.80,1.26,16.75,11.50,3.15,16.79,11.58,3.15
2024-25,Ministry of Science and Technology,Department of Scientific and Industrial Research,70,2023,75,2024,77,2025,9.00,3.03,0.39,7.50,5.13,0.55,7.98,5.10,0.59
2024-25,"Ministry of Ports, Shipping and Waterways","Ministry of Ports, Shipping and Waterways",1474,2023,2143,2024,2143,2025,93.76,64.67,9.36,104.07,79.03,13.82,111.08,91.73,13.67
2024-25,Ministry of Skill Development and Entrepreneurship,Ministry of Skill Development and Entrepreneurship  MàQNQDR 2022-2023 2023-2024 2024-2025,1203,2023,1969,2024,2024,2025,126.20,10.25,4.62,85.54,61.81,6.03,97.61,73.08,6.05
2024-25,Ministry of Social Justice and Empowerment,Department of Social Justice and Empowerment,377,2023,682,2024,682,2025,53.46,40.37,3.14,49.50,30.15,6.35,36.26,26.66,6.30
2024-25,Ministry of Social Justice and Empowerment,Department of Empowerment of Persons with Disabilities,94,2023,106,2024,119,2025,7.94,5.54,0.82,12.32,8.75,2.50,11.95,6.90,2.35
2024-25,Department of Space,Department of Space,15360,2023,19138,2024,19138,2025,1908.47,1033.67,52.21,1547.58,1090.55,73.41,1682.00,1010.00,70.00
2024-25,Ministry of Statistics and Programme Implementation,Ministry of Statistics and Programme Implementation,6141,2023,6438,2024,6438,2025,280.11,186.74,33.29,322.18,206.08,40.17,343.71,211.89,41.89
2024-25,Ministry of Steel,Ministry of Steel,199,2023,278,2024,278,2025,15.70,11.24,1.68,16.30,11.57,1.91,16.79,11.97,2.05
2024-25,Ministry of Textiles,Ministry of Textiles,4289,2023,4293,2024,4299,2025,116.45,77.63,11.44,118.55,83.19,11.00,127.83,90.54,12.03
2024-25,Ministry of Tourism,Ministry of Tourism,344,2023,583,2024,583,2025,24.76,15.98,3.10,22.12,16.62,3.57,23.44,18.24,4.15
2024-25,Ministry of Tribal Affairs,Ministry of Tribal Affairs,191,2023,317,2024,322,2025,15.36,9.98,1.87,16.02,11.07,1.85,17.93,11.79,1.92
2024-25,Ministry of Women and Child Development,Ministry of Women and Child Development,340,2023,413,2024,413,2025,26.01,24.75,0.62,27.55,29.06,0.79,23.35,29.09,0.44
2024-25,Ministry of Youth Affairs and Sports,Ministry of Youth Affairs and Sports  MàQNQDR 2022-2023 2023-2024 2024-2025,266,2023,278,2024,310,2025,20.95,11.89,1.80,21.83,15.72,2.65,22.94,18.94,3.02
2024-25,Ministry of Cooperation,Ministry of Cooperation,84,2023,200,2024,220,2025,6.51,4.33,0.21,8.86,6.33,0.62,9.13,6.77,1.10
2024-25,GRAND TOTAL,GRAND TOTAL,3167143,2023,3561608,2024,3513919,2025,154831.14,114069.72,6837.09,154104.36,135126.14,7855.51,162293.48,153962.46,8513.64
2025-26,Ministry of Agriculture and Farmers Welfare,Department of Agriculture and Farmers Welfare,3565,2024,5420,2025,5420,2026,221.44,162.54,18.30,230.00,190.31,24.21,239.20,201.73,26.88
2025-26,Ministry of Agriculture and Farmers Welfare,Department of Agricultural Research and Education,65,2024,88,2025,91,2026,7.44,5.56,2.70,7.78,6.04,3.90,7.97,6.40,4.25
2025-26,Department of Atomic Energy,Atomic Energy,27016,2024,37189,2025,37108,2026,2400.77,1621.66,52.90,2461.00,1898.60,56.82,2559.44,2012.52,62.07
2025-26,Ministry of AYUSH,Ministry of Ayush,208,2024,540,2025,540,2026,16.33,13.46,1.91,18.37,16.69,3.15,19.60,17.69,3.20
2025-26,Ministry of Chemicals and Fertilisers,Department of Chemicals and Petrochemicals,268,2024,250,2025,250,2026,12.54,8.98,1.12,12.29,10.58,1.27,12.62,11.05,1.41
2025-26,Ministry of Chemicals and Fertilisers,Department of Fertilisers,197,2024,245,2025,245,2026,15.85,11.76,0.96,17.38,13.10,1.21,18.30,15.40,1.23
2025-26,Ministry of Chemicals and Fertilisers,Department of Pharmaceuticals,74,2024,95,2025,95,2026,9.67,7.02,0.84,12.95,9.08,0.55,13.86,9.12,0.60
2025-26,Ministry of Civil Aviation,Ministry of Civil Aviation,1490,2024,2761,2025,2761,2026,108.55,83.46,22.56,118.06,101.25,28.39,120.12,107.32,33.26
2025-26,Ministry of Coal,Ministry of Coal,223,2024,380,2025,380,2026,16.66,12.08,1.59,18.38,15.00,1.61,18.33,15.06,1.81
2025-26,Ministry of Commerce and Industry,Department of Commerce,1962,2024,4385,2025,4378,2026,328.12,129.59,31.36,263.47,201.83,31.40,274.01,211.76,33.80
2025-26,Ministry of Commerce and Industry,Department for Promotion of Industry and Internal Trade,2575,2024,4180,2025,4441,2026,180.40,141.27,11.62,186.65,165.20,9.81,194.12,175.11,9.78
2025-26,Ministry of Communications,Department of Posts,457997,2024,583180,2025,583180,2026,9176.85,11079.92,216.29,9000.00,13300.00,195.50,9360.00,14098.00,204.00
2025-26,Ministry of Communications,Department of Telecommunications 2023-2024 2024-2025 2025-2026,3551,2024,5541,2025,5541,2026,329.33,237.71,31.55,367.68,295.85,49.66,388.24,305.75,56.17
2025-26,"Ministry of Consumer Affairs, Food and Public Distribution",Department of Consumer Affairs,784,2024,1266,2025,1266,2026,50.03,38.44,2.28,51.90,45.57,2.16,53.98,48.31,1.90
2025-26,"Ministry of Consumer Affairs, Food and Public Distribution",Department of Food and Public Distribution,812,2024,1151,2025,1151,2026,46.31,34.23,2.86,47.68,40.61,5.03,49.11,43.45,4.95
2025-26,Ministry of Cooperation,Ministry of Cooperation,125,2024,150,2025,190,2026,9.17,6.56,0.06,12.75,9.56,1.16,12.75,9.83,1.10
2025-26,Ministry of Corporate Affairs,Ministry of Corporate Affairs,1273,2024,2690,2025,2700,2026,96.15,74.41,7.12,97.28,86.91,8.11,101.17,92.12,8.28
2025-26,Ministry of Culture,Ministry of Culture,5747,2024,7143,2025,10577,2026,279.47,201.49,21.21,284.23,236.73,21.68,295.60,250.93,23.61
2025-26,Ministry of Defence,Ministry of Defence (Civil),88788,2024,87397,2025,88904,2026,6233.34,3048.72,256.25,4912.69,5121.72,152.55,4984.26,5172.70,203.93
2025-26,Ministry of Development of North Eastern Region,Ministry of Development of North Eastern Region,138,2024,143,2025,146,2026,11.06,5.46,0.43,10.35,8.58,0.54,11.49,9.49,0.63
2025-26,Ministry of Earth Sciences,Ministry of Earth Sciences,4643,2024,7297,2025,7296,2026,306.65,224.66,11.47,336.43,270.19,13.45,351.50,286.40,18.80
2025-26,Ministry of Education,Department of School Education and Literacy,278,2024,365,2025,365,2026,18.06,13.24,0.80,19.89,17.00,1.15,20.68,18.00,1.20
2025-26,Ministry of Education,Department of Higher Education,892,2024,1046,2025,1182,2026,63.39,47.50,5.37,67.00,55.95,7.31,69.01,59.00,7.77
2025-26,Ministry of Electronics and Information Technology,Ministry of Electronics and Information Technology 2023-2024 2024-2025 2025-2026,4846,2024,6527,2025,6527,2026,589.27,414.62,16.12,615.35,477.00,20.07,625.80,505.80,21.60
2025-26,"Ministry of Environment, Forests and Climate Change","Ministry of Environment, Forests and Climate Change",3170,2024,5010,2025,5015,2026,189.71,138.84,34.30,210.00,164.55,44.02,235.00,174.42,50.27
2025-26,Ministry of External Affairs,Ministry of External Affairs,10569,2024,13248,2025,13288,2026,1067.34,1829.83,328.33,1119.34,1973.57,344.44,1193.87,2106.23,320.56
2025-26,Ministry of Finance,Department of Economic Affairs,999,2024,1331,2025,1239,2026,68.03,49.95,14.93,80.03,69.89,16.30,84.29,74.00,13.09
2025-26,Ministry of Finance,Department of Expenditure,1182,2024,1625,2025,1637,2026,86.75,66.93,6.34,92.00,81.87,6.59,106.00,93.79,7.02
2025-26,Ministry of Finance,Department of Financial Services,1015,2024,1544,2025,1544,2026,72.61,55.66,3.00,79.22,67.69,2.77,90.00,75.00,2.97
2025-26,Ministry of Finance,Department of Public Enterprises,95,2024,100,2025,105,2026,6.45,4.67,0.14,7.50,6.00,0.19,8.00,7.00,0.30
2025-26,Ministry of Finance,Department of Investment and Public Asset Management (DIPAM),88,2024,109,2025,109,2026,7.81,5.37,1.44,7.74,6.20,2.05,8.05,6.57,2.30
2025-26,Ministry of Finance,Department of Revenue,4573,2024,8173,2025,8173,2026,281.66,234.96,34.96,303.71,285.90,36.86,335.35,325.50,40.56
2025-26,Ministry of Finance,Direct Taxes,49129,2024,79304,2025,79304,2026,3251.19,2359.39,87.31,3377.10,2821.51,102.01,3512.18,2990.80,78.00
2025-26,Ministry of Finance,Indirect Taxes,56020,2024,92879,2025,92879,2026,3801.52,2840.99,98.91,4030.50,3492.18,113.20,4300.00,3701.71,132.27
2025-26,Ministry of Finance,Indian Audit and Accounts Department,46314,2024,46812,2025,46812,2026,2877.89,2153.63,328.41,2971.65,2501.39,326.56,3000.26,2651.47,329.00
2025-26,"Ministry of Fisheries, Animal Husbandry and Dairying",Department of Fisheries,608,2024,1232,2025,1232,2026,38.48,28.53,3.91,39.23,33.35,3.12,46.95,36.19,4.55
2025-26,"Ministry of Fisheries, Animal Husbandry and Dairying",Department of Animal Husbandry and Dairying,1015,2024,2312,2025,2322,2026,43.72,31.43,3.10,45.35,39.91,3.90,50.00,46.36,4.03
2025-26,Ministry of Food Processing Industries,Ministry of Food Processing Industries,135,2024,181,2025,181,2026,14.14,10.13,1.93,15.59,11.00,1.05,16.00,12.00,2.05
2025-26,Ministry of Health and Family Welfare,Department of Health and Family Welfare 2023-2024 2024-2025 2025-2026,25845,2024,28642,2025,32186,2026,1935.69,1639.92,28.23,2074.92,1922.56,35.55,2232.55,2072.29,43.37
2025-26,Ministry of Health and Family Welfare,Department of Health Research,28,2024,62,2025,62,2026,2.76,1.89,0.36,3.20,2.60,0.95,3.35,2.76,0.75
2025-26,Ministry of Heavy Industries,Ministry of Heavy Industries,182,2024,274,2025,274,2026,13.45,9.86,1.07,14.27,12.18,1.40,14.84,12.91,1.40
2025-26,Ministry of Home Affairs,Ministry of Home Affairs,21116,2024,29725,2025,29723,2026,1020.20,902.71,113.50,1102.46,1137.96,108.96,1120.22,1308.93,67.18
2025-26,Ministry of Home Affairs,Cabinet,1023,2024,1501,2025,1500,2026,90.37,75.91,56.60,94.25,88.45,83.64,98.80,94.15,58.10
2025-26,Ministry of Home Affairs,Police,1073225,2024,1171381,2025,1180460,2026,48378.75,46945.91,3251.36,55233.08,62489.66,3221.77,57442.40,65391.59,2867.98
2025-26,Ministry of Home Affairs,Andaman and Nicobar Islands,32938,2024,32938,2025,32938,2026,1427.89,685.28,31.30,1456.36,979.05,30.81,1481.07,1018.63,33.13
2025-26,Ministry of Home Affairs,Chandigarh,22155,2024,22797,2025,23191,2026,1708.08,1042.22,3.45,1592.60,1183.12,3.97,1689.86,1265.29,5.82
2025-26,Ministry of Home Affairs,Dadra and Nagar Haveli and Daman and Diu,4473,2024,7147,2025,7147,2026,288.42,181.46,3.94,327.04,208.41,3.79,327.29,222.65,3.47
2025-26,Ministry of Home Affairs,Lakshadweep,5771,2024,5771,2025,5771,2026,214.08,187.01,7.72,214.08,195.42,11.32,222.64,207.40,11.39
2025-26,Ministry of Housing and Urban Affairs,Ministry of Housing and Urban Affairs,19115,2024,18908,2025,18898,2026,984.00,708.02,26.34,1022.44,850.14,30.38,1089.82,917.88,35.08
2025-26,Ministry of Information and Broadcasting,Ministry of Information and Broadcasting,3103,2024,3348,2025,3571,2026,199.04,145.84,8.15,202.23,165.79,7.63,210.41,178.43,7.13
2025-26,Ministry of Jal Shakti,"Department of Water Resources, River Development and Ganga Rejuvenation",8209,2024,13333,2025,13414,2026,479.64,348.89,15.93,509.44,433.99,21.58,565.81,487.94,23.33
2025-26,Ministry of Jal Shakti,Department of Drinking Water and Sanitation,114,2024,157,2025,157,2026,11.32,8.02,0.11,11.48,9.10,0.15,16.50,9.74,0.20
2025-26,Ministry of Labour and Employment,Ministry of Labour and Employment,3831,2024,6469,2025,6469,2026,255.20,185.06,14.27,256.56,215.84,13.46,266.83,228.79,15.12
2025-26,Ministry of Law and Justice,Law and Justice 2023-2024 2024-2025 2025-2026,2006,2024,2825,2025,2869,2026,117.01,82.69,3.72,127.10,104.51,5.55,133.23,109.57,4.78
2025-26,Ministry of Law and Justice,Election Commission,577,2024,850,2025,850,2026,41.86,29.24,6.11,47.64,35.00,5.46,49.55,32.00,4.73
2025-26,Ministry of Law and Justice,Supreme Court of India,2287,2024,2724,2025,2724,2026,192.00,130.65,8.20,201.04,157.00,9.00,204.21,160.00,10.00
2025-26,"Ministry of Micro, Small and Medium Enterprises","Ministry of Micro, Small and Medium Enterprises",1243,2024,3073,2025,3073,2026,88.65,96.55,6.64,93.86,99.36,5.07,96.39,107.07,4.95
2025-26,Ministry of Mines,Ministry of Mines,6896,2024,10444,2025,10444,2026,538.40,410.74,46.75,562.00,489.45,50.45,577.00,512.75,52.04
2025-26,Ministry of Minority Affairs,Ministry of Minority Affairs,125,2024,277,2025,277,2026,55.21,7.53,9.61,36.70,50.27,16.55,38.00,55.00,21.75
2025-26,Ministry of New and Renewable Energy,Ministry of New and Renewable Energy,220,2024,302,2025,302,2026,17.15,12.62,2.06,19.89,16.01,2.66,20.48,17.13,3.31
2025-26,Ministry of Panchayati Raj,Ministry of Panchayati Raj,86,2024,141,2025,141,2026,7.76,5.65,1.01,8.23,5.59,1.49,8.53,5.98,1.70
2025-26,Ministry of Parliamentary Affairs,Ministry of Parliamentary Affairs,132,2024,149,2025,150,2026,8.62,7.20,2.20,8.76,8.20,2.00,8.99,8.50,2.90
2025-26,"Ministry of Personnel, Public Grievances and Pensions","Ministry of Personnel, Public Grievances and Pensions",8533,2024,10911,2025,10911,2026,520.12,472.05,48.67,550.20,561.77,46.84,575.00,597.00,52.40
2025-26,"Ministry of Personnel, Public Grievances and Pensions",Central Vigilance Commission,267,2024,318,2025,318,2026,20.19,14.52,0.69,21.25,16.95,1.06,22.00,17.50,0.85
2025-26,Ministry of Petroleum and Natural Gas,Ministry of Petroleum and Natural Gas,231,2024,324,2025,324,2026,18.27,13.20,3.32,19.61,16.46,1.55,20.80,19.87,2.30
2025-26,Ministry of Planning,Ministry of Planning 2023-2024 2024-2025 2025-2026,454,2024,675,2025,675,2026,44.15,26.63,6.00,45.91,31.75,20.95,45.47,33.39,18.70
2025-26,"Ministry of Ports, Shipping and Waterways","Ministry of Ports, Shipping and Waterways",1451,2024,2203,2025,2203,2026,96.31,69.03,11.50,109.06,85.15,14.04,115.91,94.28,14.17
2025-26,Ministry of Power,Ministry of Power,1101,2024,1744,2025,1744,2026,86.70,62.59,3.75,98.58,79.02,3.38,107.50,83.24,3.38
2025-26,"The President, Parliament, Union Public Service Commission and the Secretariat of the Vice President","Staff, Household and Allowances of the President",516,2024,626,2025,612,2026,28.59,18.19,0.33,31.64,22.78,0.36,33.52,24.07,0.36
2025-26,"The President, Parliament, Union Public Service Commission and the Secretariat of the Vice President",Lok Sabha,2281,2024,3352,2025,3352,2026,188.42,172.33,4.13,196.00,197.00,3.50,203.00,215.00,3.95
2025-26,"The President, Parliament, Union Public Service Commission and the Secretariat of the Vice President",Rajya Sabha,1389,2024,1828,2025,1828,2026,115.16,107.70,1.35,119.06,121.15,2.92,130.97,133.12,3.38
2025-26,"The President, Parliament, Union Public Service Commission and the Secretariat of the Vice President",Secretariat of the Vice-President,52,2024,62,2025,62,2026,2.85,2.00,0.10,2.26,1.78,0.13,3.70,2.75,0.60
2025-26,"The President, Parliament, Union Public Service Commission and the Secretariat of the Vice President",Union Public Service Commission,1224,2024,1728,2025,1728,2026,78.54,57.57,1.53,80.74,67.04,1.30,82.96,71.06,1.30
2025-26,Ministry of Railways,Ministry of Railways,1237655,2024,1215779,2025,1236107,2026,58650.56,55239.71,2446.01,59538.39,62426.45,2680.35,61219.50,72094.87,2843.89
2025-26,Ministry of Road Transport and Highways,Ministry of Road Transport and Highways,896,2024,1130,2025,1130,2026,63.03,46.68,8.07,65.11,53.89,9.60,66.48,57.12,7.06
2025-26,Ministry of Rural Development,Department of Rural Development,466,2024,610,2025,610,2026,30.89,22.57,3.04,33.01,27.85,4.28,33.95,29.79,3.97
2025-26,Ministry of Rural Development,Department of Land Resources,74,2024,123,2025,123,2026,6.58,4.45,0.32,7.77,5.90,0.37,7.94,6.32,0.37
2025-26,Ministry of Science and Technology,Department of Science and Technology,3790,2024,5373,2025,5373,2026,232.81,166.52,14.32,227.19,186.71,15.59,237.07,197.91,22.88
2025-26,Ministry of Science and Technology,Department of Biotechnology,184,2024,237,2025,237,2026,16.62,11.32,2.23,17.77,15.45,3.15,18.48,17.45,3.15
2025-26,Ministry of Science and Technology,Department of Scientific and Industrial Research 2023-2024 2024-2025 2025-2026,75,2024,76,2025,77,2026,7.41,5.16,0.36,8.10,5.22,0.30,8.50,5.05,0.30
2025-26,Ministry of Skill Development and Entrepreneurship,Ministry of Skill Development and Entrepreneurship,1062,2024,1800,2025,1900,2026,80.94,59.70,5.10,80.06,68.14,5.35,83.26,72.23,5.77
2025-26,Ministry of Social Justice and Empowerment,Department of Social Justice and Empowerment,525,2024,703,2025,699,2026,35.29,25.14,3.69,37.00,29.19,5.20,38.50,30.94,6.90
2025-26,Ministry of Social Justice and Empowerment,Department of Empowerment of Persons with Disabilities,105,2024,129,2025,136,2026,8.87,6.41,2.35,9.22,7.38,1.45,9.60,7.82,1.75
2025-26,Department of Space,Department of Space,15196,2024,19178,2025,19178,2026,1533.34,1076.68,69.70,1532.48,1238.35,78.79,1593.36,1350.11,90.07
2025-26,Ministry of Statistics and Programme Implementation,Ministry of Statistics and Programme Implementation,6584,2024,6584,2025,6584,2026,294.65,211.58,39.55,305.71,250.00,40.21,319.34,265.48,53.17
2025-26,Ministry of Steel,Ministry of Steel,216,2024,278,2025,278,2026,16.35,11.53,1.99,16.79,13.62,2.11,17.19,13.80,2.15
2025-26,Ministry of Textiles,Ministry of Textiles,3830,2024,3830,2025,4506,2026,111.65,82.36,10.46,114.10,95.86,12.29,116.68,101.61,11.46
2025-26,Ministry of Tourism,Ministry of Tourism,386,2024,580,2025,580,2026,20.39,15.06,3.32,22.00,18.44,3.78,24.37,20.66,3.96
2025-26,Ministry of Tribal Affairs,Ministry of Tribal Affairs,195,2024,324,2025,324,2026,15.71,10.89,2.08,18.43,13.20,2.67,17.68,13.78,2.92
2025-26,Ministry of Women and Child Development,Ministry of Women and Child Development 2023-2024 2024-2025 2025-2026,258,2024,308,2025,308,2026,23.45,12.16,2.16,25.73,21.98,2.08,28.40,24.30,2.32
2025-26,Ministry of Youth Affairs and Sports,Ministry of Youth Affairs and Sports,269,2024,334,2025,344,2026,20.29,14.98,2.47,22.60,17.56,2.06,26.30,20.25,2.40
2025-26,GRAND TOTAL,GRAND TOTAL,3306394,2024,3657674,2025,3697416,2026,152777.83,139324.23,8011.90,160123.92,170704.06,8283.00,165913.31,186032.13,8164.69
2026-27,Ministry of Agriculture and Farmers Welfare,Department of Agriculture and Farmers Welfare,3434,2025,5611,2026,5611,2027,221.41,185.62,21.15,228.05,200.99,22.22,234.89,215.06,24.76
2026-27,Ministry of Agriculture and Farmers Welfare,Department of Agricultural Research and Education,62,2025,75,2026,120,2027,6.93,5.87,2.02,7.14,6.33,3.55,7.35,6.78,3.65
2026-27,Department of Atomic Energy,Atomic Energy,32503,2025,37714,2026,37649,2027,2405.77,1834.86,56.55,2491.42,2081.40,63.41,2566.16,2227.09,72.39
2026-27,Ministry of AYUSH,Ministry of Ayush,196,2025,542,2026,542,2027,17.02,16.21,1.86,17.00,17.42,2.48,17.51,18.64,2.50
2026-27,Ministry of Chemicals and Fertilisers,Department of Chemicals and Petrochemicals,258,2025,248,2026,241,2027,8.55,6.96,1.14,8.51,7.57,1.23,8.86,7.76,1.13
2026-27,Ministry of Chemicals and Fertilisers,Department of Fertilisers,202,2025,250,2026,254,2027,15.52,13.18,0.80,16.05,14.48,1.04,16.53,14.91,1.20
2026-27,Ministry of Chemicals and Fertilisers,Department of Pharmaceuticals,79,2025,99,2026,99,2027,9.93,8.03,0.76,10.59,9.10,0.60,12.00,10.33,0.68
2026-27,Ministry of Civil Aviation,Ministry of Civil Aviation,1588,2025,2756,2026,2756,2027,117.39,100.95,27.86,122.24,113.27,31.10,125.90,121.20,32.66
2026-27,Ministry of Coal,Ministry of Coal,218,2025,302,2026,384,2027,17.61,14.31,1.46,17.78,15.74,3.81,18.26,16.82,2.56
2026-27,Ministry of Commerce and Industry,Department of Commerce,1814,2025,4100,2026,4100,2027,256.81,228.83,31.93,249.78,269.37,36.36,257.27,288.23,40.37
2026-27,Ministry of Commerce and Industry,Department for Promotion of Industry and Internal Trade 2024-2025 2025-2026 2026-2027,2771,2025,4510,2026,4874,2027,187.88,162.71,9.18,213.12,200.90,11.21,219.51,214.97,9.64
2026-27,Ministry of Communications,Department of Posts,474386,2025,460154,2026,460154,2027,8356.40,13771.25,186.82,8600.00,14800.00,229.00,8865.00,15836.00,228.00
2026-27,Ministry of Communications,Department of Telecommunications,3620,2025,5583,2026,5583,2027,333.45,276.30,37.79,350.00,300.30,40.99,360.00,321.32,45.14
2026-27,"Ministry of Consumer Affairs, Food and Public Distribution",Department of Consumer Affairs,769,2025,1277,2026,1277,2027,51.47,44.52,2.20,52.55,49.40,2.14,55.56,54.29,1.64
2026-27,"Ministry of Consumer Affairs, Food and Public Distribution",Department of Food and Public Distribution,734,2025,920,2026,991,2027,47.48,39.63,3.95,48.98,44.37,4.87,50.45,47.48,5.28
2026-27,Ministry of Cooperation,Ministry of Cooperation,140,2025,165,2026,165,2027,10.91,8.99,0.86,11.66,10.54,1.63,12.01,11.28,1.00
2026-27,Ministry of Corporate Affairs,Ministry of Corporate Affairs,1365,2025,2700,2026,2700,2027,98.05,86.50,7.61,103.69,99.13,9.59,106.80,106.07,9.27
2026-27,Ministry of Culture,Ministry of Culture,6029,2025,8280,2026,10673,2027,278.02,226.34,20.01,290.24,252.99,21.05,297.72,267.35,20.35
2026-27,Ministry of Defence,Ministry of Defence (Civil),71371,2025,97477,2026,99047,2027,4967.13,5159.63,279.88,4989.11,5011.44,307.42,5116.72,5362.72,324.96
2026-27,Ministry of Development of North Eastern Region,Ministry of Development of North Eastern Region,123,2025,116,2026,133,2027,10.06,8.25,0.44,10.35,8.75,0.56,10.66,9.36,0.45
2026-27,Ministry of Earth Sciences,Ministry of Earth Sciences,4762,2025,7495,2026,7495,2027,325.80,269.27,12.51,334.78,295.58,18.65,344.82,316.27,18.53
2026-27,Ministry of Education,Department of School Education and Literacy,138,2025,216,2026,216,2027,19.63,16.28,1.03,20.53,18.00,3.55,21.15,19.44,1.40
2026-27,Ministry of Education,Department of Higher Education 2024-2025 2025-2026 2026-2027,848,2025,981,2026,1183,2027,62.54,53.28,5.46,66.42,58.00,6.64,65.00,62.70,7.33
2026-27,Ministry of Electronics and Information Technology,Ministry of Electronics and Information Technology,4825,2025,6953,2026,6953,2027,566.94,451.93,21.85,597.40,491.45,26.25,632.65,518.27,27.45
2026-27,"Ministry of Environment, Forests and Climate Change","Ministry of Environment, Forests and Climate Change",2917,2025,4906,2026,4902,2027,199.90,163.02,36.55,230.06,187.96,39.55,236.93,201.05,42.31
2026-27,Ministry of External Affairs,Ministry of External Affairs,10624,2025,13109,2026,13461,2027,1137.34,1796.15,367.95,1303.80,2049.96,398.00,1374.15,2268.01,441.93
2026-27,Ministry of Finance,Department of Economic Affairs,931,2025,1249,2026,1229,2027,71.60,62.21,16.98,74.91,69.85,17.34,77.15,72.84,12.21
2026-27,Ministry of Finance,Department of Expenditure,1180,2025,1643,2026,1662,2027,89.34,76.16,4.92,94.03,85.10,6.46,98.75,92.55,8.29
2026-27,Ministry of Finance,Department of Financial Services,976,2025,1508,2026,1508,2027,71.11,62.13,2.32,79.06,72.21,3.55,96.28,92.12,3.56
2026-27,Ministry of Finance,Department of Public Enterprises,87,2025,117,2026,117,2027,6.96,5.62,0.16,7.17,6.10,0.43,7.38,6.53,0.47
2026-27,Ministry of Finance,Department of Investment and Public Asset Management (DIPAM),72,2025,123,2026,123,2027,7.75,6.12,1.21,7.81,6.80,2.55,8.05,7.00,3.95
2026-27,Ministry of Finance,Department of Revenue,4432,2025,8240,2026,8245,2027,264.75,250.02,37.25,295.80,301.33,39.82,330.85,350.63,43.63
2026-27,Ministry of Finance,Direct Taxes,49129,2025,79304,2026,79304,2027,3332.38,2745.01,133.27,4030.49,3313.31,79.00,3843.87,3340.17,103.00
2026-27,Ministry of Finance,Indirect Taxes,58865,2025,92891,2026,92891,2027,3978.45,3384.18,115.54,4145.76,3790.94,163.00,4270.13,4000.00,128.32
2026-27,Ministry of Finance,Indian Audit and Accounts Department 2024-2025 2025-2026 2026-2027,40652,2025,40949,2026,41129,2027,2967.12,2490.40,325.89,2900.31,2578.07,361.03,2856.34,2714.63,360.84
2026-27,"Ministry of Fisheries, Animal Husbandry and Dairying",Department of Fisheries,589,2025,1236,2026,1236,2027,38.54,31.48,3.57,39.70,33.92,4.98,40.89,36.30,5.82
2026-27,"Ministry of Fisheries, Animal Husbandry and Dairying",Department of Animal Husbandry and Dairying,1004,2025,2362,2026,2390,2027,42.80,35.24,3.75,45.39,40.75,3.71,50.09,46.68,4.73
2026-27,Ministry of Food Processing Industries,Ministry of Food Processing Industries,133,2025,193,2026,193,2027,12.38,10.36,1.13,13.07,11.64,2.46,13.46,12.45,2.05
2026-27,Ministry of Health and Family Welfare,Department of Health and Family Welfare,25845,2025,28642,2026,32186,2027,1794.36,1871.72,20.94,1889.30,2044.41,26.49,1985.12,2172.01,32.33
2026-27,Ministry of Health and Family Welfare,Department of Health Research,28,2025,62,2026,62,2027,2.99,2.34,0.39,3.11,2.76,0.62,3.21,3.00,0.85
2026-27,Ministry of Heavy Industries,Ministry of Heavy Industries,173,2025,248,2026,248,2027,14.07,11.74,1.06,15.30,13.64,1.30,14.82,14.03,1.40
2026-27,Ministry of Home Affairs,Ministry of Home Affairs,21269,2025,29342,2026,29342,2027,908.90,966.51,89.35,941.58,1103.80,90.92,969.83,1181.07,92.22
2026-27,Ministry of Home Affairs,Cabinet,994,2025,1366,2026,1366,2027,82.30,70.98,9.99,89.03,77.85,12.30,93.30,84.10,14.50
2026-27,Ministry of Home Affairs,Police,1101452,2025,1202988,2026,1208445,2027,53737.04,61185.82,3628.99,55509.78,68495.40,3517.69,56619.63,73357.93,3370.88
2026-27,Ministry of Home Affairs,Andaman and Nicobar Islands,26211,2025,33907,2026,33907,2027,1140.17,1152.74,29.38,1150.12,1224.21,33.30,1190.93,1295.13,37.32
2026-27,Ministry of Home Affairs,Chandigarh,21569,2025,21921,2026,22075,2027,1578.59,1195.68,3.18,1628.66,1353.11,15.31,1668.47,1385.49,7.89
2026-27,Ministry of Home Affairs,Dadra and Nagar Haveli and Daman and Diu,4423,2025,7147,2026,7147,2027,314.64,203.94,4.38,324.05,218.35,4.47,333.78,226.25,4.01
2026-27,Ministry of Home Affairs,Ladakh,15845,2025,17454,2026,18954,2027,814.96,758.53,13.31,832.10,832.65,15.39,906.72,890.24,9.71
2026-27,Ministry of Home Affairs,Lakshadweep 2024-2025 2025-2026 2026-2027,5771,2025,5771,2026,5771,2027,208.96,204.20,9.67,215.23,204.48,10.18,221.69,218.79,12.72
2026-27,Ministry of Housing and Urban Affairs,Ministry of Housing and Urban Affairs,19027,2025,18949,2026,18947,2027,890.09,724.53,21.58,917.21,744.02,26.44,954.32,851.16,28.26
2026-27,Ministry of Information and Broadcasting,Ministry of Information and Broadcasting,2968,2025,3861,2026,3902,2027,196.26,164.06,9.20,192.36,174.13,11.46,198.13,186.32,9.49
2026-27,Ministry of Jal Shakti,"Department of Water Resources, River Development and Ganga Rejuvenation",5560,2025,7310,2026,7602,2027,462.21,385.14,16.52,469.64,433.07,22.14,483.73,463.38,22.52
2026-27,Ministry of Jal Shakti,Department of Drinking Water and Sanitation,114,2025,157,2026,157,2027,11.24,8.84,0.25,11.57,9.95,0.26,11.92,10.65,0.35
2026-27,Ministry of Labour and Employment,Ministry of Labour and Employment,3666,2025,6307,2026,6307,2027,253.73,210.10,13.22,257.61,231.14,15.47,265.34,247.32,15.49
2026-27,Ministry of Law and Justice,Law and Justice,1511,2025,1822,2026,1827,2027,120.43,100.37,5.79,124.28,109.28,5.26,127.90,116.70,6.02
2026-27,Ministry of Law and Justice,Election Commission,572,2025,587,2026,639,2027,47.09,36.45,4.90,43.00,35.83,6.92,42.03,38.34,7.70
2026-27,Ministry of Law and Justice,Supreme Court of India,2467,2025,3243,2026,3243,2027,210.56,160.75,6.31,214.61,181.58,15.58,221.05,194.29,13.74
2026-27,"Ministry of Micro, Small and Medium Enterprises","Ministry of Micro, Small and Medium Enterprises 2024-2025 2025-2026 2026-2027",1284,2025,2903,2026,2903,2027,87.96,74.05,5.74,92.00,79.68,5.45,94.00,85.26,6.45
2026-27,Ministry of Mines,Ministry of Mines,9611,2025,10435,2026,10435,2027,553.26,478.37,4.75,542.30,508.41,5.24,558.54,535.92,15.60
2026-27,Ministry of Minority Affairs,Ministry of Minority Affairs,246,2025,246,2026,246,2027,33.82,47.61,11.32,36.80,50.33,13.62,38.05,53.91,11.35
2026-27,Ministry of New and Renewable Energy,Ministry of New and Renewable Energy,302,2025,302,2026,302,2027,20.05,16.05,3.09,20.53,17.63,3.31,21.15,19.21,3.31
2026-27,Ministry of Panchayati Raj,Ministry of Panchayati Raj,131,2025,131,2026,131,2027,8.07,6.56,1.34,7.99,7.03,1.70,8.23,7.52,1.80
2026-27,Ministry of Parliamentary Affairs,Ministry of Parliamentary Affairs,135,2025,148,2026,149,2027,8.86,7.68,0.88,9.05,8.43,1.00,9.32,9.02,2.70
2026-27,"Ministry of Personnel, Public Grievances and Pensions","Ministry of Personnel, Public Grievances and Pensions",8331,2025,10877,2026,10877,2027,539.17,549.49,51.15,560.00,578.28,53.74,578.00,618.76,56.51
2026-27,"Ministry of Personnel, Public Grievances and Pensions",Central Vigilance Commission,260,2025,318,2026,318,2027,20.57,16.32,0.72,20.78,17.75,0.75,21.40,19.00,1.10
2026-27,Ministry of Petroleum and Natural Gas,Ministry of Petroleum and Natural Gas,223,2025,322,2026,322,2027,19.29,16.01,2.32,19.87,17.57,1.70,22.88,21.86,2.80
2026-27,Ministry of Planning,Ministry of Planning 2024-2025 2025-2026 2026-2027,479,2025,696,2026,696,2027,41.83,30.72,5.44,43.10,33.82,7.11,44.39,36.19,6.53
2026-27,"Ministry of Ports, Shipping and Waterways","Ministry of Ports, Shipping and Waterways",1381,2025,2163,2026,2163,2027,20.20,17.19,3.39,20.81,18.38,5.06,21.43,19.67,3.35
2026-27,Ministry of Power,Ministry of Power,1119,2025,1568,2026,1568,2027,91.21,73.79,4.95,102.81,84.66,6.87,105.60,89.28,6.47
2026-27,"The President, Parliament, Union Public Service Commission and the Secretariat of the Vice President","Staff, Household and Allowances of the President",485,2025,803,2026,803,2027,29.00,20.10,8.91,34.17,22.98,5.87,34.20,25.10,10.80
2026-27,"The President, Parliament, Union Public Service Commission and the Secretariat of the Vice President",Lok Sabha,2145,2025,3301,2026,3301,2027,180.09,183.33,2.48,190.00,205.00,4.45,196.00,215.00,6.45
2026-27,"The President, Parliament, Union Public Service Commission and the Secretariat of the Vice President",Rajya Sabha,1322,2025,1824,2026,1824,2027,110.09,113.80,1.53,118.10,127.29,2.69,128.56,138.65,2.81
2026-27,"The President, Parliament, Union Public Service Commission and the Secretariat of the Vice President",Secretariat of the Vice- President,49,2025,62,2026,62,2027,2.72,2.12,0.16,3.71,3.00,0.60,3.50,3.20,0.60
2026-27,"The President, Parliament, Union Public Service Commission and the Secretariat of the Vice President",Union Public Service Commission,1189,2025,1709,2026,1709,2027,80.35,65.33,9.57,82.96,72.06,10.70,85.45,77.00,10.90
2026-27,Ministry of Railways,Ministry of Railways,1212958,2025,1230224,2026,1256314,2027,64212.14,60152.45,2716.96,63590.19,63796.79,2669.00,63527.04,67669.75,2679.84
2026-27,Ministry of Road Transport and Highways,Ministry of Road Transport and Highways 2024-2025 2025-2026 2026-2027,894,2025,1146,2026,1146,2027,63.47,53.40,6.17,65.37,57.32,7.06,67.33,59.33,7.25
2026-27,Ministry of Rural Development,Department of Rural Development,410,2025,579,2026,579,2027,34.07,25.40,2.61,34.31,30.96,3.90,35.34,33.13,4.22
2026-27,Ministry of Rural Development,Department of Land Resources,77,2025,124,2026,124,2027,7.72,5.91,0.35,8.50,7.25,0.82,8.76,7.76,0.60
2026-27,Ministry of Science and Technology,Department of Science and Technology,3511,2025,5060,2026,5060,2027,223.89,184.37,17.93,231.28,201.87,22.66,238.22,216.00,21.13
2026-27,Ministry of Science and Technology,Department of Biotechnology,179,2025,203,2026,201,2027,17.54,13.59,2.38,18.48,17.00,1.86,19.03,17.12,2.50
2026-27,Ministry of Science and Technology,Department of Scientific and Industrial Research,72,2025,112,2026,112,2027,6.86,5.42,0.16,7.06,5.60,0.28,8.00,5.10,0.35
2026-27,Ministry of Skill Development and Entrepreneurship,Ministry of Skill Development and Entrepreneurship,1021,2025,2443,2026,2443,2027,79.33,66.18,5.67,79.22,71.33,6.44,81.60,76.32,6.51
2026-27,Ministry of Social Justice and Empowerment,Department of Social Justice and Empowerment,383,2025,646,2026,646,2027,34.94,28.80,3.38,36.00,30.39,4.80,37.08,32.52,6.10
2026-27,Ministry of Social Justice and Empowerment,Department of Empowerment of Persons with Disabilities,97,2025,125,2026,137,2027,8.67,7.11,0.83,9.38,7.91,1.70,9.66,8.61,1.75
2026-27,Department of Space,Department of Space 2024-2025 2025-2026 2026-2027,414,2025,693,2026,693,2027,46.78,39.80,10.53,49.30,46.95,11.08,52.00,47.75,12.10
2026-27,Ministry of Statistics and Programme Implementation,Ministry of Statistics and Programme Implementation,6547,2025,6551,2026,6551,2027,292.37,237.72,5.62,313.41,275.92,5.88,322.81,295.23,5.87
2026-27,Ministry of Steel,Ministry of Steel,277,2025,277,2026,277,2027,16.16,13.39,1.80,16.45,14.15,1.77,16.65,14.39,1.90
2026-27,Ministry of Textiles,Ministry of Textiles,2630,2025,2630,2026,2793,2027,111.22,93.42,11.79,113.00,101.44,14.05,122.64,109.15,12.68
2026-27,Ministry of Tourism,Ministry of Tourism,358,2025,580,2026,580,2027,19.07,16.21,3.70,22.66,19.45,4.99,24.10,20.72,4.16
2026-27,Ministry of Tribal Affairs,Ministry of Tribal Affairs,207,2025,322,2026,322,2027,16.31,13.04,1.84,17.63,14.96,2.64,18.00,16.00,2.23
2026-27,Ministry of Women and Child Development,Ministry of Women and Child Development,257,2025,299,2026,299,2027,20.56,17.26,2.46,21.20,18.19,3.55,21.81,19.46,4.10
2026-27,Ministry of Youth Affairs and Sports,Ministry of Youth Affairs and Sports,264,2025,397,2026,452,2027,14.41,12.09,1.72,15.03,13.80,2.82,15.48,14.77,3.84
2026-27,GRAND TOTAL,GRAND TOTAL,3302539,2025,3577657,2026,3620255,2027,160473.76,166226.32,8587.66,163506.74,180997.70,8697.89,165635.27,192889.16,8657.51
